strain 	Flq_mutations
SRR5385538	ParC-56T*
uk_8B35L	ParC-84K
uk_8C11D	ParC-80I
uk_19C33D	ParC-80I
uk_19A13I	ParC-80I
uk_8B10J	ParC-80I
uk_8A23D	ParC-80I
uk_18B32C	ParC-80I
uk_17A1L	ParC-80I
SRR5385756	GyrA-119S*
uk_17A1L	GyrA-83I
uk_19A13I	GyrA-83I
uk_8A23D	GyrA-83I
uk_18B32C	GyrA-83I
uk_8B35L	GyrA-83F
uk_8C11D	GyrA-83Y
uk_8B10J	GyrA-83Y
uk_19C33D	GyrA-83F
KP_NORM_BLD_2011_75132	GyrA-69T*
KP_NORM_BLD_2011_75132	GyrA-74L*
KP_NORM_BLD_2011_75132	GyrA-85C*
KP_NORM_BLD_2011_75132	GyrA-87E*
KP_NORM_BLD_2011_75132	GyrA-88A*
KP_NORM_BLD_2011_75132	GyrA-89M*
KP_NORM_BLD_2011_75132	GyrA-91L*
KP_NORM_BLD_2011_75132	GyrA-98Y*
KP_NORM_BLD_2011_75132	GyrA-101P*
KP_NORM_BLD_2011_75132	GyrA-109W*
KP_NORM_BLD_2011_75132	GyrA-111A*
KP_NORM_BLD_2011_75132	GyrA-112P*
KP_NORM_BLD_2011_75132	GyrA-114P*
KP_NORM_BLD_2011_75132	GyrA-115K*
KP_NORM_BLD_2011_75132	GyrA-117F*
KP_NORM_BLD_2011_75132	GyrA-I112_D113insD
