SANGER_ID	sample_accession	secondary_sample_accession	experiment_accession	run_accession	tax_id	scientific_name	nominal_length	library_selection	first_public	study_title	run_alias	fastq_bytes	fastq_md5	fastq_ftp	fastq_aspera	fastq_galaxy	submitted_bytes	submitted_ftp	submitted_galaxy	sra_bytes	sra_md5	sra_ftp	sample_alias	broker_name	sample_title.1	nominal_sdev
G18001124	SAMEA5855718	ERS3644238	ERX4665153	ERR4795383	573	Klebsiella pneumoniae	466	RANDOM	04/11/2020	NIHR_Global_Health_Research_Unit_on_Genomic_Surveillance_of_Antimicrobial_Resistance	SC_RUN_31087_8	NA	NA	NA	NA	NA	NA	NA	NA	NA	NA	NA	NA	NA	NA	NA
G18001127	SAMEA5855719	ERS3644239	ERX4665154	ERR4795384	573	Klebsiella pneumoniae	452	RANDOM	04/11/2020	NIHR_Global_Health_Research_Unit_on_Genomic_Surveillance_of_Antimicrobial_Resistance	SC_RUN_31087_8	NA	NA	NA	NA	NA	NA	NA	NA	NA	NA	NA	NA	NA	NA	NA
G18001167	SAMEA5855728	ERS3644248	ERX4665156	ERR4795386	573	Klebsiella pneumoniae	426	RANDOM	04/11/2020	NIHR_Global_Health_Research_Unit_on_Genomic_Surveillance_of_Antimicrobial_Resistance	SC_RUN_31087_8	NA	NA	NA	NA	NA	NA	NA	NA	NA	NA	NA	NA	NA	NA	NA
G18000020	SAMEA5855730	ERS3644250	ERX4665157	ERR4795387	573	Klebsiella pneumoniae	449	RANDOM	04/11/2020	NIHR_Global_Health_Research_Unit_on_Genomic_Surveillance_of_Antimicrobial_Resistance	SC_RUN_31087_8	NA	NA	NA	NA	NA	NA	NA	NA	NA	NA	NA	NA	NA	NA	NA
G18000023	SAMEA5855732	ERS3644252	ERX4665158	ERR4795388	573	Klebsiella pneumoniae	464	RANDOM	04/11/2020	NIHR_Global_Health_Research_Unit_on_Genomic_Surveillance_of_Antimicrobial_Resistance	SC_RUN_31087_8	NA	NA	NA	NA	NA	NA	NA	NA	NA	NA	NA	NA	NA	NA	NA
G18000145	SAMEA5855740	ERS3644260	ERX4665159	ERR4795389	573	Klebsiella pneumoniae	461	RANDOM	04/11/2020	NIHR_Global_Health_Research_Unit_on_Genomic_Surveillance_of_Antimicrobial_Resistance	SC_RUN_31087_8	NA	NA	NA	NA	NA	NA	NA	NA	NA	NA	NA	NA	NA	NA	NA
G18000164	SAMEA5855744	ERS3644264	ERX4665160	ERR4795390	573	Klebsiella pneumoniae	461	RANDOM	04/11/2020	NIHR_Global_Health_Research_Unit_on_Genomic_Surveillance_of_Antimicrobial_Resistance	SC_RUN_31087_8	NA	NA	NA	NA	NA	NA	NA	NA	NA	NA	NA	NA	NA	NA	NA
G18000177	SAMEA5855750	ERS3644270	ERX4665162	ERR4795392	573	Klebsiella pneumoniae	446	RANDOM	04/11/2020	NIHR_Global_Health_Research_Unit_on_Genomic_Surveillance_of_Antimicrobial_Resistance	SC_RUN_31087_8	NA	NA	NA	NA	NA	NA	NA	NA	NA	NA	NA	NA	NA	NA	NA
G18000222	SAMEA5855763	ERS3644283	ERX4665163	ERR4795393	573	Klebsiella pneumoniae	445	RANDOM	04/11/2020	NIHR_Global_Health_Research_Unit_on_Genomic_Surveillance_of_Antimicrobial_Resistance	SC_RUN_31087_8	NA	NA	NA	NA	NA	NA	NA	NA	NA	NA	NA	NA	NA	NA	NA
G18000260	SAMEA5855765	ERS3644285	ERX4665164	ERR4795394	573	Klebsiella pneumoniae	423	RANDOM	04/11/2020	NIHR_Global_Health_Research_Unit_on_Genomic_Surveillance_of_Antimicrobial_Resistance	SC_RUN_31087_8	NA	NA	NA	NA	NA	NA	NA	NA	NA	NA	NA	NA	NA	NA	NA
G18000287	SAMEA5855768	ERS3644288	ERX4665165	ERR4795395	573	Klebsiella pneumoniae	470	RANDOM	04/11/2020	NIHR_Global_Health_Research_Unit_on_Genomic_Surveillance_of_Antimicrobial_Resistance	SC_RUN_31087_8	NA	NA	NA	NA	NA	NA	NA	NA	NA	NA	NA	NA	NA	NA	NA
G18000437	SAMEA5855777	ERS3644297	ERX4665166	ERR4795396	573	Klebsiella pneumoniae	457	RANDOM	04/11/2020	NIHR_Global_Health_Research_Unit_on_Genomic_Surveillance_of_Antimicrobial_Resistance	SC_RUN_31087_8	NA	NA	NA	NA	NA	NA	NA	NA	NA	NA	NA	NA	NA	NA	NA
G18000827	SAMEA5855679	ERS3644199	ERX4665168	ERR4795398	573	Klebsiella pneumoniae	454	RANDOM	04/11/2020	NIHR_Global_Health_Research_Unit_on_Genomic_Surveillance_of_Antimicrobial_Resistance	SC_RUN_31231_2	NA	NA	NA	NA	NA	NA	NA	NA	NA	NA	NA	NA	NA	NA	NA
G18000921	SAMEA5855681	ERS3644201	ERX4665169	ERR4795399	573	Klebsiella pneumoniae	450	RANDOM	04/11/2020	NIHR_Global_Health_Research_Unit_on_Genomic_Surveillance_of_Antimicrobial_Resistance	SC_RUN_31231_2	NA	NA	NA	NA	NA	NA	NA	NA	NA	NA	NA	NA	NA	NA	NA
G18000970	SAMEA5855682	ERS3644202	ERX4665170	ERR4795400	573	Klebsiella pneumoniae	456	RANDOM	04/11/2020	NIHR_Global_Health_Research_Unit_on_Genomic_Surveillance_of_Antimicrobial_Resistance	SC_RUN_31231_2	NA	NA	NA	NA	NA	NA	NA	NA	NA	NA	NA	NA	NA	NA	NA
G18001033	SAMEA5855684	ERS3644204	ERX4665171	ERR4795401	573	Klebsiella pneumoniae	464	RANDOM	04/11/2020	NIHR_Global_Health_Research_Unit_on_Genomic_Surveillance_of_Antimicrobial_Resistance	SC_RUN_31231_2	NA	NA	NA	NA	NA	NA	NA	NA	NA	NA	NA	NA	NA	NA	NA
G18001035	SAMEA5855685	ERS3644205	ERX4665172	ERR4795402	573	Klebsiella pneumoniae	439	RANDOM	04/11/2020	NIHR_Global_Health_Research_Unit_on_Genomic_Surveillance_of_Antimicrobial_Resistance	SC_RUN_31231_2	NA	NA	NA	NA	NA	NA	NA	NA	NA	NA	NA	NA	NA	NA	NA
G18001036	SAMEA5855686	ERS3644206	ERX4665173	ERR4795403	573	Klebsiella pneumoniae	466	RANDOM	04/11/2020	NIHR_Global_Health_Research_Unit_on_Genomic_Surveillance_of_Antimicrobial_Resistance	SC_RUN_31231_2	NA	NA	NA	NA	NA	NA	NA	NA	NA	NA	NA	NA	NA	NA	NA
G18001037	SAMEA5855687	ERS3644207	ERX4665174	ERR4795404	573	Klebsiella pneumoniae	437	RANDOM	04/11/2020	NIHR_Global_Health_Research_Unit_on_Genomic_Surveillance_of_Antimicrobial_Resistance	SC_RUN_31231_2	NA	NA	NA	NA	NA	NA	NA	NA	NA	NA	NA	NA	NA	NA	NA
G18001039	SAMEA5855688	ERS3644208	ERX4665175	ERR4795405	573	Klebsiella pneumoniae	404	RANDOM	04/11/2020	NIHR_Global_Health_Research_Unit_on_Genomic_Surveillance_of_Antimicrobial_Resistance	SC_RUN_31231_2	NA	NA	NA	NA	NA	NA	NA	NA	NA	NA	NA	NA	NA	NA	NA
G18001040	SAMEA5855689	ERS3644209	ERX4665176	ERR4795406	573	Klebsiella pneumoniae	432	RANDOM	04/11/2020	NIHR_Global_Health_Research_Unit_on_Genomic_Surveillance_of_Antimicrobial_Resistance	SC_RUN_31231_2	NA	NA	NA	NA	NA	NA	NA	NA	NA	NA	NA	NA	NA	NA	NA
G18001043	SAMEA5855690	ERS3644210	ERX4665177	ERR4795407	573	Klebsiella pneumoniae	452	RANDOM	04/11/2020	NIHR_Global_Health_Research_Unit_on_Genomic_Surveillance_of_Antimicrobial_Resistance	SC_RUN_31231_2	NA	NA	NA	NA	NA	NA	NA	NA	NA	NA	NA	NA	NA	NA	NA
G18001048	SAMEA5855691	ERS3644211	ERX4665178	ERR4795408	573	Klebsiella pneumoniae	442	RANDOM	04/11/2020	NIHR_Global_Health_Research_Unit_on_Genomic_Surveillance_of_Antimicrobial_Resistance	SC_RUN_31231_2	NA	NA	NA	NA	NA	NA	NA	NA	NA	NA	NA	NA	NA	NA	NA
G18001049	SAMEA5855692	ERS3644212	ERX4665179	ERR4795409	573	Klebsiella pneumoniae	447	RANDOM	04/11/2020	NIHR_Global_Health_Research_Unit_on_Genomic_Surveillance_of_Antimicrobial_Resistance	SC_RUN_31231_2	NA	NA	NA	NA	NA	NA	NA	NA	NA	NA	NA	NA	NA	NA	NA
G18001058	SAMEA5855694	ERS3644214	ERX4665180	ERR4795410	573	Klebsiella pneumoniae	412	RANDOM	04/11/2020	NIHR_Global_Health_Research_Unit_on_Genomic_Surveillance_of_Antimicrobial_Resistance	SC_RUN_31231_2	NA	NA	NA	NA	NA	NA	NA	NA	NA	NA	NA	NA	NA	NA	NA
G18001064	SAMEA5855696	ERS3644216	ERX4665181	ERR4795411	573	Klebsiella pneumoniae	426	RANDOM	04/11/2020	NIHR_Global_Health_Research_Unit_on_Genomic_Surveillance_of_Antimicrobial_Resistance	SC_RUN_31231_2	NA	NA	NA	NA	NA	NA	NA	NA	NA	NA	NA	NA	NA	NA	NA
G18001072	SAMEA5855698	ERS3644218	ERX4665182	ERR4795412	573	Klebsiella pneumoniae	451	RANDOM	04/11/2020	NIHR_Global_Health_Research_Unit_on_Genomic_Surveillance_of_Antimicrobial_Resistance	SC_RUN_31231_2	NA	NA	NA	NA	NA	NA	NA	NA	NA	NA	NA	NA	NA	NA	NA
G18001077	SAMEA5855699	ERS3644219	ERX4665183	ERR4795413	573	Klebsiella pneumoniae	461	RANDOM	04/11/2020	NIHR_Global_Health_Research_Unit_on_Genomic_Surveillance_of_Antimicrobial_Resistance	SC_RUN_31231_2	NA	NA	NA	NA	NA	NA	NA	NA	NA	NA	NA	NA	NA	NA	NA
G18001095	SAMEA5855706	ERS3644226	ERX4665185	ERR4795415	573	Klebsiella pneumoniae	464	RANDOM	04/11/2020	NIHR_Global_Health_Research_Unit_on_Genomic_Surveillance_of_Antimicrobial_Resistance	SC_RUN_31231_2	NA	NA	NA	NA	NA	NA	NA	NA	NA	NA	NA	NA	NA	NA	NA
G18001100	SAMEA5855707	ERS3644227	ERX4665186	ERR4795416	573	Klebsiella pneumoniae	460	RANDOM	04/11/2020	NIHR_Global_Health_Research_Unit_on_Genomic_Surveillance_of_Antimicrobial_Resistance	SC_RUN_31231_2	NA	NA	NA	NA	NA	NA	NA	NA	NA	NA	NA	NA	NA	NA	NA
G18001103	SAMEA5855709	ERS3644229	ERX4665187	ERR4795417	573	Klebsiella pneumoniae	452	RANDOM	04/11/2020	NIHR_Global_Health_Research_Unit_on_Genomic_Surveillance_of_Antimicrobial_Resistance	SC_RUN_31231_2	NA	NA	NA	NA	NA	NA	NA	NA	NA	NA	NA	NA	NA	NA	NA
G18001105	SAMEA5855711	ERS3644231	ERX4665188	ERR4795418	573	Klebsiella pneumoniae	454	RANDOM	04/11/2020	NIHR_Global_Health_Research_Unit_on_Genomic_Surveillance_of_Antimicrobial_Resistance	SC_RUN_31231_2	NA	NA	NA	NA	NA	NA	NA	NA	NA	NA	NA	NA	NA	NA	NA
G18001115	SAMEA5855714	ERS3644234	ERX4665189	ERR4795419	573	Klebsiella pneumoniae	461	RANDOM	04/11/2020	NIHR_Global_Health_Research_Unit_on_Genomic_Surveillance_of_Antimicrobial_Resistance	SC_RUN_31231_2	NA	NA	NA	NA	NA	NA	NA	NA	NA	NA	NA	NA	NA	NA	NA
G18001121	SAMEA5855716	ERS3644236	ERX4665190	ERR4795420	573	Klebsiella pneumoniae	465	RANDOM	04/11/2020	NIHR_Global_Health_Research_Unit_on_Genomic_Surveillance_of_Antimicrobial_Resistance	SC_RUN_31231_2	NA	NA	NA	NA	NA	NA	NA	NA	NA	NA	NA	NA	NA	NA	NA
G18001123	SAMEA5855717	ERS3644237	ERX4665191	ERR4795421	573	Klebsiella pneumoniae	465	RANDOM	04/11/2020	NIHR_Global_Health_Research_Unit_on_Genomic_Surveillance_of_Antimicrobial_Resistance	SC_RUN_31231_2	NA	NA	NA	NA	NA	NA	NA	NA	NA	NA	NA	NA	NA	NA	NA
G18001129	SAMEA5855720	ERS3644240	ERX4665192	ERR4795422	573	Klebsiella pneumoniae	468	RANDOM	04/11/2020	NIHR_Global_Health_Research_Unit_on_Genomic_Surveillance_of_Antimicrobial_Resistance	SC_RUN_31231_2	NA	NA	NA	NA	NA	NA	NA	NA	NA	NA	NA	NA	NA	NA	NA
G18001131	SAMEA5855722	ERS3644242	ERX4665193	ERR4795423	573	Klebsiella pneumoniae	447	RANDOM	04/11/2020	NIHR_Global_Health_Research_Unit_on_Genomic_Surveillance_of_Antimicrobial_Resistance	SC_RUN_31231_2	NA	NA	NA	NA	NA	NA	NA	NA	NA	NA	NA	NA	NA	NA	NA
G18001156	SAMEA5855724	ERS3644244	ERX4665194	ERR4795424	573	Klebsiella pneumoniae	461	RANDOM	04/11/2020	NIHR_Global_Health_Research_Unit_on_Genomic_Surveillance_of_Antimicrobial_Resistance	SC_RUN_31231_2	NA	NA	NA	NA	NA	NA	NA	NA	NA	NA	NA	NA	NA	NA	NA
G18001158	SAMEA5855725	ERS3644245	ERX4665195	ERR4795425	573	Klebsiella pneumoniae	455	RANDOM	04/11/2020	NIHR_Global_Health_Research_Unit_on_Genomic_Surveillance_of_Antimicrobial_Resistance	SC_RUN_31231_2	NA	NA	NA	NA	NA	NA	NA	NA	NA	NA	NA	NA	NA	NA	NA
G18001161	SAMEA5855726	ERS3644246	ERX4665196	ERR4795426	573	Klebsiella pneumoniae	453	RANDOM	04/11/2020	NIHR_Global_Health_Research_Unit_on_Genomic_Surveillance_of_Antimicrobial_Resistance	SC_RUN_31231_2	NA	NA	NA	NA	NA	NA	NA	NA	NA	NA	NA	NA	NA	NA	NA
G18001162	SAMEA5855727	ERS3644247	ERX4665197	ERR4795427	573	Klebsiella pneumoniae	446	RANDOM	04/11/2020	NIHR_Global_Health_Research_Unit_on_Genomic_Surveillance_of_Antimicrobial_Resistance	SC_RUN_31231_2	NA	NA	NA	NA	NA	NA	NA	NA	NA	NA	NA	NA	NA	NA	NA
G18000024	SAMEA5855733	ERS3644253	ERX4665199	ERR4795429	573	Klebsiella pneumoniae	444	RANDOM	04/11/2020	NIHR_Global_Health_Research_Unit_on_Genomic_Surveillance_of_Antimicrobial_Resistance	SC_RUN_31231_2	NA	NA	NA	NA	NA	NA	NA	NA	NA	NA	NA	NA	NA	NA	NA
G18000026	SAMEA5855734	ERS3644254	ERX4665200	ERR4795430	573	Klebsiella pneumoniae	441	RANDOM	04/11/2020	NIHR_Global_Health_Research_Unit_on_Genomic_Surveillance_of_Antimicrobial_Resistance	SC_RUN_31231_2	NA	NA	NA	NA	NA	NA	NA	NA	NA	NA	NA	NA	NA	NA	NA
G18000137	SAMEA5855738	ERS3644258	ERX4665201	ERR4795431	573	Klebsiella pneumoniae	440	RANDOM	04/11/2020	NIHR_Global_Health_Research_Unit_on_Genomic_Surveillance_of_Antimicrobial_Resistance	SC_RUN_31231_2	NA	NA	NA	NA	NA	NA	NA	NA	NA	NA	NA	NA	NA	NA	NA
G18000160	SAMEA5855743	ERS3644263	ERX4665203	ERR4795433	573	Klebsiella pneumoniae	466	RANDOM	04/11/2020	NIHR_Global_Health_Research_Unit_on_Genomic_Surveillance_of_Antimicrobial_Resistance	SC_RUN_31231_2	NA	NA	NA	NA	NA	NA	NA	NA	NA	NA	NA	NA	NA	NA	NA
G18000165	SAMEA5855745	ERS3644265	ERX4665204	ERR4795434	573	Klebsiella pneumoniae	461	RANDOM	04/11/2020	NIHR_Global_Health_Research_Unit_on_Genomic_Surveillance_of_Antimicrobial_Resistance	SC_RUN_31231_2	NA	NA	NA	NA	NA	NA	NA	NA	NA	NA	NA	NA	NA	NA	NA
G18000167	SAMEA5855746	ERS3644266	ERX4665205	ERR4795435	573	Klebsiella pneumoniae	463	RANDOM	04/11/2020	NIHR_Global_Health_Research_Unit_on_Genomic_Surveillance_of_Antimicrobial_Resistance	SC_RUN_31231_2	NA	NA	NA	NA	NA	NA	NA	NA	NA	NA	NA	NA	NA	NA	NA
G18000181	SAMEA5855751	ERS3644271	ERX4665206	ERR4795436	573	Klebsiella pneumoniae	438	RANDOM	04/11/2020	NIHR_Global_Health_Research_Unit_on_Genomic_Surveillance_of_Antimicrobial_Resistance	SC_RUN_31231_2	NA	NA	NA	NA	NA	NA	NA	NA	NA	NA	NA	NA	NA	NA	NA
G18000183	SAMEA5855752	ERS3644272	ERX4665207	ERR4795437	573	Klebsiella pneumoniae	456	RANDOM	04/11/2020	NIHR_Global_Health_Research_Unit_on_Genomic_Surveillance_of_Antimicrobial_Resistance	SC_RUN_31231_2	NA	NA	NA	NA	NA	NA	NA	NA	NA	NA	NA	NA	NA	NA	NA
G18000184	SAMEA5855753	ERS3644273	ERX4665208	ERR4795438	573	Klebsiella pneumoniae	462	RANDOM	04/11/2020	NIHR_Global_Health_Research_Unit_on_Genomic_Surveillance_of_Antimicrobial_Resistance	SC_RUN_31231_2	NA	NA	NA	NA	NA	NA	NA	NA	NA	NA	NA	NA	NA	NA	NA
G18000185	SAMEA5855754	ERS3644274	ERX4665209	ERR4795439	573	Klebsiella pneumoniae	471	RANDOM	04/11/2020	NIHR_Global_Health_Research_Unit_on_Genomic_Surveillance_of_Antimicrobial_Resistance	SC_RUN_31231_2	NA	NA	NA	NA	NA	NA	NA	NA	NA	NA	NA	NA	NA	NA	NA
G18000188	SAMEA5855755	ERS3644275	ERX4665210	ERR4795440	573	Klebsiella pneumoniae	453	RANDOM	04/11/2020	NIHR_Global_Health_Research_Unit_on_Genomic_Surveillance_of_Antimicrobial_Resistance	SC_RUN_31231_2	NA	NA	NA	NA	NA	NA	NA	NA	NA	NA	NA	NA	NA	NA	NA
G18000189	SAMEA5855756	ERS3644276	ERX4665211	ERR4795441	573	Klebsiella pneumoniae	453	RANDOM	04/11/2020	NIHR_Global_Health_Research_Unit_on_Genomic_Surveillance_of_Antimicrobial_Resistance	SC_RUN_31231_2	NA	NA	NA	NA	NA	NA	NA	NA	NA	NA	NA	NA	NA	NA	NA
G18000199	SAMEA5855757	ERS3644277	ERX4665212	ERR4795442	573	Klebsiella pneumoniae	467	RANDOM	04/11/2020	NIHR_Global_Health_Research_Unit_on_Genomic_Surveillance_of_Antimicrobial_Resistance	SC_RUN_31231_2	NA	NA	NA	NA	NA	NA	NA	NA	NA	NA	NA	NA	NA	NA	NA
G18000201	SAMEA5855758	ERS3644278	ERX4665213	ERR4795443	573	Klebsiella pneumoniae	450	RANDOM	04/11/2020	NIHR_Global_Health_Research_Unit_on_Genomic_Surveillance_of_Antimicrobial_Resistance	SC_RUN_31231_2	NA	NA	NA	NA	NA	NA	NA	NA	NA	NA	NA	NA	NA	NA	NA
G18000202	SAMEA5855760	ERS3644280	ERX4665214	ERR4795444	573	Klebsiella pneumoniae	456	RANDOM	04/11/2020	NIHR_Global_Health_Research_Unit_on_Genomic_Surveillance_of_Antimicrobial_Resistance	SC_RUN_31231_2	NA	NA	NA	NA	NA	NA	NA	NA	NA	NA	NA	NA	NA	NA	NA
G18000209	SAMEA5855762	ERS3644282	ERX4665215	ERR4795445	573	Klebsiella pneumoniae	451	RANDOM	04/11/2020	NIHR_Global_Health_Research_Unit_on_Genomic_Surveillance_of_Antimicrobial_Resistance	SC_RUN_31231_2	NA	NA	NA	NA	NA	NA	NA	NA	NA	NA	NA	NA	NA	NA	NA
G18000248	SAMEA5855764	ERS3644284	ERX4665216	ERR4795446	573	Klebsiella pneumoniae	447	RANDOM	04/11/2020	NIHR_Global_Health_Research_Unit_on_Genomic_Surveillance_of_Antimicrobial_Resistance	SC_RUN_31231_2	NA	NA	NA	NA	NA	NA	NA	NA	NA	NA	NA	NA	NA	NA	NA
G18000267	SAMEA5855766	ERS3644286	ERX4665217	ERR4795447	573	Klebsiella pneumoniae	444	RANDOM	04/11/2020	NIHR_Global_Health_Research_Unit_on_Genomic_Surveillance_of_Antimicrobial_Resistance	SC_RUN_31231_2	NA	NA	NA	NA	NA	NA	NA	NA	NA	NA	NA	NA	NA	NA	NA
G18000269	SAMEA5855767	ERS3644287	ERX4665218	ERR4795448	573	Klebsiella pneumoniae	457	RANDOM	04/11/2020	NIHR_Global_Health_Research_Unit_on_Genomic_Surveillance_of_Antimicrobial_Resistance	SC_RUN_31231_2	NA	NA	NA	NA	NA	NA	NA	NA	NA	NA	NA	NA	NA	NA	NA
G18000293	SAMEA5855769	ERS3644289	ERX4665219	ERR4795449	573	Klebsiella pneumoniae	448	RANDOM	04/11/2020	NIHR_Global_Health_Research_Unit_on_Genomic_Surveillance_of_Antimicrobial_Resistance	SC_RUN_31231_2	NA	NA	NA	NA	NA	NA	NA	NA	NA	NA	NA	NA	NA	NA	NA
G18000350	SAMEA5855771	ERS3644291	ERX4665221	ERR4795451	573	Klebsiella pneumoniae	428	RANDOM	04/11/2020	NIHR_Global_Health_Research_Unit_on_Genomic_Surveillance_of_Antimicrobial_Resistance	SC_RUN_31231_2	NA	NA	NA	NA	NA	NA	NA	NA	NA	NA	NA	NA	NA	NA	NA
G18000379	SAMEA5855772	ERS3644292	ERX4665222	ERR4795452	573	Klebsiella pneumoniae	455	RANDOM	04/11/2020	NIHR_Global_Health_Research_Unit_on_Genomic_Surveillance_of_Antimicrobial_Resistance	SC_RUN_31231_2	NA	NA	NA	NA	NA	NA	NA	NA	NA	NA	NA	NA	NA	NA	NA
G18000384	SAMEA5855773	ERS3644293	ERX4665223	ERR4795453	573	Klebsiella pneumoniae	461	RANDOM	04/11/2020	NIHR_Global_Health_Research_Unit_on_Genomic_Surveillance_of_Antimicrobial_Resistance	SC_RUN_31231_2	NA	NA	NA	NA	NA	NA	NA	NA	NA	NA	NA	NA	NA	NA	NA
G18000320	SAMEA5855639	ERS3644160	ERX4665224	ERR4795454	573	Klebsiella pneumoniae	460	RANDOM	04/11/2020	NIHR_Global_Health_Research_Unit_on_Genomic_Surveillance_of_Antimicrobial_Resistance	SC_RUN_31231_2	NA	NA	NA	NA	NA	NA	NA	NA	NA	NA	NA	NA	NA	NA	NA
G18000326	SAMEA5855640	ERS3644161	ERX4665225	ERR4795455	573	Klebsiella pneumoniae	452	RANDOM	04/11/2020	NIHR_Global_Health_Research_Unit_on_Genomic_Surveillance_of_Antimicrobial_Resistance	SC_RUN_31231_2	NA	NA	NA	NA	NA	NA	NA	NA	NA	NA	NA	NA	NA	NA	NA
G18000431	SAMEA5855776	ERS3644296	ERX4665226	ERR4795456	573	Klebsiella pneumoniae	456	RANDOM	04/11/2020	NIHR_Global_Health_Research_Unit_on_Genomic_Surveillance_of_Antimicrobial_Resistance	SC_RUN_31231_2	NA	NA	NA	NA	NA	NA	NA	NA	NA	NA	NA	NA	NA	NA	NA
G18000338	SAMEA5855642	ERS3644163	ERX4665227	ERR4795457	573	Klebsiella pneumoniae	442	RANDOM	04/11/2020	NIHR_Global_Health_Research_Unit_on_Genomic_Surveillance_of_Antimicrobial_Resistance	SC_RUN_31231_2	NA	NA	NA	NA	NA	NA	NA	NA	NA	NA	NA	NA	NA	NA	NA
G18000340	SAMEA5855643	ERS3644164	ERX4665229	ERR4795459	573	Klebsiella pneumoniae	437	RANDOM	04/11/2020	NIHR_Global_Health_Research_Unit_on_Genomic_Surveillance_of_Antimicrobial_Resistance	SC_RUN_31231_2	NA	NA	NA	NA	NA	NA	NA	NA	NA	NA	NA	NA	NA	NA	NA
G18000345	SAMEA5855644	ERS3644165	ERX4665230	ERR4795460	573	Klebsiella pneumoniae	450	RANDOM	04/11/2020	NIHR_Global_Health_Research_Unit_on_Genomic_Surveillance_of_Antimicrobial_Resistance	SC_RUN_31231_2	NA	NA	NA	NA	NA	NA	NA	NA	NA	NA	NA	NA	NA	NA	NA
G18000348	SAMEA5855645	ERS3644166	ERX4665231	ERR4795461	573	Klebsiella pneumoniae	441	RANDOM	04/11/2020	NIHR_Global_Health_Research_Unit_on_Genomic_Surveillance_of_Antimicrobial_Resistance	SC_RUN_31231_2	NA	NA	NA	NA	NA	NA	NA	NA	NA	NA	NA	NA	NA	NA	NA
G18000352	SAMEA5855646	ERS3644167	ERX4665232	ERR4795462	573	Klebsiella pneumoniae	450	RANDOM	04/11/2020	NIHR_Global_Health_Research_Unit_on_Genomic_Surveillance_of_Antimicrobial_Resistance	SC_RUN_31231_2	NA	NA	NA	NA	NA	NA	NA	NA	NA	NA	NA	NA	NA	NA	NA
G18000364	SAMEA5855647	ERS3644168	ERX4665233	ERR4795463	573	Klebsiella pneumoniae	445	RANDOM	04/11/2020	NIHR_Global_Health_Research_Unit_on_Genomic_Surveillance_of_Antimicrobial_Resistance	SC_RUN_31231_2	NA	NA	NA	NA	NA	NA	NA	NA	NA	NA	NA	NA	NA	NA	NA
G18000367	SAMEA5855648	ERS3644169	ERX4665234	ERR4795464	573	Klebsiella pneumoniae	433	RANDOM	04/11/2020	NIHR_Global_Health_Research_Unit_on_Genomic_Surveillance_of_Antimicrobial_Resistance	SC_RUN_31231_2	NA	NA	NA	NA	NA	NA	NA	NA	NA	NA	NA	NA	NA	NA	NA
G18000570	SAMEA5855649	ERS3644170	ERX4665235	ERR4795465	573	Klebsiella pneumoniae	446	RANDOM	04/11/2020	NIHR_Global_Health_Research_Unit_on_Genomic_Surveillance_of_Antimicrobial_Resistance	SC_RUN_31231_2	NA	NA	NA	NA	NA	NA	NA	NA	NA	NA	NA	NA	NA	NA	NA
G18000630	SAMEA5855650	ERS3644171	ERX4665236	ERR4795466	573	Klebsiella pneumoniae	444	RANDOM	04/11/2020	NIHR_Global_Health_Research_Unit_on_Genomic_Surveillance_of_Antimicrobial_Resistance	SC_RUN_31231_2	NA	NA	NA	NA	NA	NA	NA	NA	NA	NA	NA	NA	NA	NA	NA
G18000639	SAMEA5855652	ERS3644173	ERX4665237	ERR4795467	573	Klebsiella pneumoniae	456	RANDOM	04/11/2020	NIHR_Global_Health_Research_Unit_on_Genomic_Surveillance_of_Antimicrobial_Resistance	SC_RUN_31231_2	NA	NA	NA	NA	NA	NA	NA	NA	NA	NA	NA	NA	NA	NA	NA
G18000650	SAMEA5855653	ERS3644174	ERX4665238	ERR4795468	573	Klebsiella pneumoniae	446	RANDOM	04/11/2020	NIHR_Global_Health_Research_Unit_on_Genomic_Surveillance_of_Antimicrobial_Resistance	SC_RUN_31231_2	NA	NA	NA	NA	NA	NA	NA	NA	NA	NA	NA	NA	NA	NA	NA
G18000335	SAMEA5855641	ERS3644162	ERX4665239	ERR4795469	573	Klebsiella pneumoniae	451	RANDOM	04/11/2020	NIHR_Global_Health_Research_Unit_on_Genomic_Surveillance_of_Antimicrobial_Resistance	SC_RUN_31231_2	NA	NA	NA	NA	NA	NA	NA	NA	NA	NA	NA	NA	NA	NA	NA
G18000654	SAMEA5855654	ERS3644175	ERX4665240	ERR4795470	573	Klebsiella pneumoniae	459	RANDOM	04/11/2020	NIHR_Global_Health_Research_Unit_on_Genomic_Surveillance_of_Antimicrobial_Resistance	SC_RUN_31231_2	NA	NA	NA	NA	NA	NA	NA	NA	NA	NA	NA	NA	NA	NA	NA
G18000688	SAMEA5855658	ERS3644179	ERX4665241	ERR4795471	573	Klebsiella pneumoniae	440	RANDOM	04/11/2020	NIHR_Global_Health_Research_Unit_on_Genomic_Surveillance_of_Antimicrobial_Resistance	SC_RUN_31231_2	NA	NA	NA	NA	NA	NA	NA	NA	NA	NA	NA	NA	NA	NA	NA
G18000664	SAMEA5855656	ERS3644177	ERX4665242	ERR4795472	573	Klebsiella pneumoniae	460	RANDOM	04/11/2020	NIHR_Global_Health_Research_Unit_on_Genomic_Surveillance_of_Antimicrobial_Resistance	SC_RUN_31231_2	NA	NA	NA	NA	NA	NA	NA	NA	NA	NA	NA	NA	NA	NA	NA
G18000675	SAMEA5855657	ERS3644178	ERX4665243	ERR4795473	573	Klebsiella pneumoniae	458	RANDOM	04/11/2020	NIHR_Global_Health_Research_Unit_on_Genomic_Surveillance_of_Antimicrobial_Resistance	SC_RUN_31231_2	NA	NA	NA	NA	NA	NA	NA	NA	NA	NA	NA	NA	NA	NA	NA
G18000694	SAMEA5855659	ERS3644180	ERX4665244	ERR4795474	573	Klebsiella pneumoniae	460	RANDOM	04/11/2020	NIHR_Global_Health_Research_Unit_on_Genomic_Surveillance_of_Antimicrobial_Resistance	SC_RUN_31231_2	NA	NA	NA	NA	NA	NA	NA	NA	NA	NA	NA	NA	NA	NA	NA
G18000739	SAMEA5855664	ERS3644185	ERX4665245	ERR4795475	573	Klebsiella pneumoniae	420	RANDOM	04/11/2020	NIHR_Global_Health_Research_Unit_on_Genomic_Surveillance_of_Antimicrobial_Resistance	SC_RUN_31231_2	NA	NA	NA	NA	NA	NA	NA	NA	NA	NA	NA	NA	NA	NA	NA
G18000707	SAMEA5855661	ERS3644182	ERX4665246	ERR4795476	573	Klebsiella pneumoniae	450	RANDOM	04/11/2020	NIHR_Global_Health_Research_Unit_on_Genomic_Surveillance_of_Antimicrobial_Resistance	SC_RUN_31231_2	NA	NA	NA	NA	NA	NA	NA	NA	NA	NA	NA	NA	NA	NA	NA
G18000753	SAMEA5855669	ERS3644189	ERX4665247	ERR4795477	573	Klebsiella pneumoniae	451	RANDOM	04/11/2020	NIHR_Global_Health_Research_Unit_on_Genomic_Surveillance_of_Antimicrobial_Resistance	SC_RUN_31231_2	NA	NA	NA	NA	NA	NA	NA	NA	NA	NA	NA	NA	NA	NA	NA
G18000755	SAMEA5855670	ERS3644190	ERX4665248	ERR4795478	573	Klebsiella pneumoniae	465	RANDOM	04/11/2020	NIHR_Global_Health_Research_Unit_on_Genomic_Surveillance_of_Antimicrobial_Resistance	SC_RUN_31231_2	NA	NA	NA	NA	NA	NA	NA	NA	NA	NA	NA	NA	NA	NA	NA
G18000728	SAMEA5855663	ERS3644184	ERX4665249	ERR4795479	573	Klebsiella pneumoniae	454	RANDOM	04/11/2020	NIHR_Global_Health_Research_Unit_on_Genomic_Surveillance_of_Antimicrobial_Resistance	SC_RUN_31231_2	NA	NA	NA	NA	NA	NA	NA	NA	NA	NA	NA	NA	NA	NA	NA
G18001012	SAMEA5855683	ERS3644203	ERX4665250	ERR4795480	573	Klebsiella pneumoniae	454	RANDOM	04/11/2020	NIHR_Global_Health_Research_Unit_on_Genomic_Surveillance_of_Antimicrobial_Resistance	SC_RUN_31231_2	NA	NA	NA	NA	NA	NA	NA	NA	NA	NA	NA	NA	NA	NA	NA
G18000740	SAMEA5855665	ERS3644186	ERX4665251	ERR4795481	573	Klebsiella pneumoniae	397	RANDOM	04/11/2020	NIHR_Global_Health_Research_Unit_on_Genomic_Surveillance_of_Antimicrobial_Resistance	SC_RUN_31231_2	NA	NA	NA	NA	NA	NA	NA	NA	NA	NA	NA	NA	NA	NA	NA
G18001052	SAMEA5855693	ERS3644213	ERX4665252	ERR4795482	573	Klebsiella pneumoniae	447	RANDOM	04/11/2020	NIHR_Global_Health_Research_Unit_on_Genomic_Surveillance_of_Antimicrobial_Resistance	SC_RUN_31231_2	NA	NA	NA	NA	NA	NA	NA	NA	NA	NA	NA	NA	NA	NA	NA
G18000742	SAMEA5855666	ERS3644187	ERX4665253	ERR4795483	573	Klebsiella pneumoniae	432	RANDOM	04/11/2020	NIHR_Global_Health_Research_Unit_on_Genomic_Surveillance_of_Antimicrobial_Resistance	SC_RUN_31231_2	NA	NA	NA	NA	NA	NA	NA	NA	NA	NA	NA	NA	NA	NA	NA
G18001061	SAMEA5855695	ERS3644215	ERX4665254	ERR4795484	573	Klebsiella pneumoniae	448	RANDOM	04/11/2020	NIHR_Global_Health_Research_Unit_on_Genomic_Surveillance_of_Antimicrobial_Resistance	SC_RUN_31231_2	NA	NA	NA	NA	NA	NA	NA	NA	NA	NA	NA	NA	NA	NA	NA
G18001065	SAMEA5855697	ERS3644217	ERX4665255	ERR4795485	573	Klebsiella pneumoniae	458	RANDOM	04/11/2020	NIHR_Global_Health_Research_Unit_on_Genomic_Surveillance_of_Antimicrobial_Resistance	SC_RUN_31231_2	NA	NA	NA	NA	NA	NA	NA	NA	NA	NA	NA	NA	NA	NA	NA
G18000748	SAMEA5855667	ERS3644188	ERX4665256	ERR4795486	573	Klebsiella pneumoniae	447	RANDOM	04/11/2020	NIHR_Global_Health_Research_Unit_on_Genomic_Surveillance_of_Antimicrobial_Resistance	SC_RUN_31231_2	NA	NA	NA	NA	NA	NA	NA	NA	NA	NA	NA	NA	NA	NA	NA
G18000756	SAMEA5855671	ERS3644191	ERX4665257	ERR4795487	573	Klebsiella pneumoniae	453	RANDOM	04/11/2020	NIHR_Global_Health_Research_Unit_on_Genomic_Surveillance_of_Antimicrobial_Resistance	SC_RUN_31231_2	NA	NA	NA	NA	NA	NA	NA	NA	NA	NA	NA	NA	NA	NA	NA
G18001092	SAMEA5855703	ERS3644223	ERX4665258	ERR4795488	573	Klebsiella pneumoniae	464	RANDOM	04/11/2020	NIHR_Global_Health_Research_Unit_on_Genomic_Surveillance_of_Antimicrobial_Resistance	SC_RUN_31231_2	NA	NA	NA	NA	NA	NA	NA	NA	NA	NA	NA	NA	NA	NA	NA
G18000760	SAMEA5855672	ERS3644192	ERX4665259	ERR4795489	573	Klebsiella pneumoniae	455	RANDOM	04/11/2020	NIHR_Global_Health_Research_Unit_on_Genomic_Surveillance_of_Antimicrobial_Resistance	SC_RUN_31231_2	NA	NA	NA	NA	NA	NA	NA	NA	NA	NA	NA	NA	NA	NA	NA
G18000763	SAMEA5855673	ERS3644193	ERX4665260	ERR4795490	573	Klebsiella pneumoniae	470	RANDOM	04/11/2020	NIHR_Global_Health_Research_Unit_on_Genomic_Surveillance_of_Antimicrobial_Resistance	SC_RUN_31231_2	NA	NA	NA	NA	NA	NA	NA	NA	NA	NA	NA	NA	NA	NA	NA
G18000769	SAMEA5855674	ERS3644194	ERX4665262	ERR4795492	573	Klebsiella pneumoniae	458	RANDOM	04/11/2020	NIHR_Global_Health_Research_Unit_on_Genomic_Surveillance_of_Antimicrobial_Resistance	SC_RUN_31231_2	NA	NA	NA	NA	NA	NA	NA	NA	NA	NA	NA	NA	NA	NA	NA
G18001102	SAMEA5855708	ERS3644228	ERX4665263	ERR4795493	573	Klebsiella pneumoniae	451	RANDOM	04/11/2020	NIHR_Global_Health_Research_Unit_on_Genomic_Surveillance_of_Antimicrobial_Resistance	SC_RUN_31231_2	NA	NA	NA	NA	NA	NA	NA	NA	NA	NA	NA	NA	NA	NA	NA
G18000781	SAMEA5855676	ERS3644196	ERX4665265	ERR4795495	573	Klebsiella pneumoniae	441	RANDOM	04/11/2020	NIHR_Global_Health_Research_Unit_on_Genomic_Surveillance_of_Antimicrobial_Resistance	SC_RUN_31231_2	NA	NA	NA	NA	NA	NA	NA	NA	NA	NA	NA	NA	NA	NA	NA
G18000794	SAMEA5855677	ERS3644197	ERX4665267	ERR4795497	573	Klebsiella pneumoniae	455	RANDOM	04/11/2020	NIHR_Global_Health_Research_Unit_on_Genomic_Surveillance_of_Antimicrobial_Resistance	SC_RUN_31231_2	NA	NA	NA	NA	NA	NA	NA	NA	NA	NA	NA	NA	NA	NA	NA
G18000098	SAMEA5976657	ERS3779492	ERX4665271	ERR4795501	573	Klebsiella pneumoniae	450	RANDOM	04/11/2020	NIHR_Global_Health_Research_Unit_on_Genomic_Surveillance_of_Antimicrobial_Resistance	SC_RUN_31587_8	NA	NA	NA	NA	NA	NA	NA	NA	NA	NA	NA	NA	NA	NA	NA
G18000214	SAMEA5976661	ERS3779496	ERX4665274	ERR4795504	573	Klebsiella pneumoniae	419	RANDOM	04/11/2020	NIHR_Global_Health_Research_Unit_on_Genomic_Surveillance_of_Antimicrobial_Resistance	SC_RUN_31587_8	NA	NA	NA	NA	NA	NA	NA	NA	NA	NA	NA	NA	NA	NA	NA
G18000439	SAMEA5976663	ERS3779498	ERX4665275	ERR4795505	573	Klebsiella pneumoniae	441	RANDOM	04/11/2020	NIHR_Global_Health_Research_Unit_on_Genomic_Surveillance_of_Antimicrobial_Resistance	SC_RUN_31587_8	NA	NA	NA	NA	NA	NA	NA	NA	NA	NA	NA	NA	NA	NA	NA
G18000463	SAMEA5976638	ERS3779473	ERX4665276	ERR4795506	573	Klebsiella pneumoniae	438	RANDOM	04/11/2020	NIHR_Global_Health_Research_Unit_on_Genomic_Surveillance_of_Antimicrobial_Resistance	SC_RUN_31587_8	NA	NA	NA	NA	NA	NA	NA	NA	NA	NA	NA	NA	NA	NA	NA
G18000501	SAMEA5976639	ERS3779474	ERX4665277	ERR4795507	573	Klebsiella pneumoniae	447	RANDOM	04/11/2020	NIHR_Global_Health_Research_Unit_on_Genomic_Surveillance_of_Antimicrobial_Resistance	SC_RUN_31587_8	NA	NA	NA	NA	NA	NA	NA	NA	NA	NA	NA	NA	NA	NA	NA
G18000511	SAMEA5976640	ERS3779475	ERX4665278	ERR4795508	573	Klebsiella pneumoniae	427	RANDOM	04/11/2020	NIHR_Global_Health_Research_Unit_on_Genomic_Surveillance_of_Antimicrobial_Resistance	SC_RUN_31587_8	NA	NA	NA	NA	NA	NA	NA	NA	NA	NA	NA	NA	NA	NA	NA
G18000553	SAMEA5976641	ERS3779476	ERX4665279	ERR4795509	573	Klebsiella pneumoniae	450	RANDOM	04/11/2020	NIHR_Global_Health_Research_Unit_on_Genomic_Surveillance_of_Antimicrobial_Resistance	SC_RUN_31587_8	NA	NA	NA	NA	NA	NA	NA	NA	NA	NA	NA	NA	NA	NA	NA
G18000561	SAMEA5976642	ERS3779477	ERX4665280	ERR4795510	573	Klebsiella pneumoniae	445	RANDOM	04/11/2020	NIHR_Global_Health_Research_Unit_on_Genomic_Surveillance_of_Antimicrobial_Resistance	SC_RUN_31587_8	NA	NA	NA	NA	NA	NA	NA	NA	NA	NA	NA	NA	NA	NA	NA
G18000563	SAMEA5976643	ERS3779478	ERX4665281	ERR4795511	573	Klebsiella pneumoniae	408	RANDOM	04/11/2020	NIHR_Global_Health_Research_Unit_on_Genomic_Surveillance_of_Antimicrobial_Resistance	SC_RUN_31587_8	NA	NA	NA	NA	NA	NA	NA	NA	NA	NA	NA	NA	NA	NA	NA
G18000567	SAMEA5976645	ERS3779480	ERX4665282	ERR4795512	573	Klebsiella pneumoniae	414	RANDOM	04/11/2020	NIHR_Global_Health_Research_Unit_on_Genomic_Surveillance_of_Antimicrobial_Resistance	SC_RUN_31587_8	NA	NA	NA	NA	NA	NA	NA	NA	NA	NA	NA	NA	NA	NA	NA
G18000590	SAMEA5976644	ERS3779479	ERX4665283	ERR4795513	573	Klebsiella pneumoniae	439	RANDOM	04/11/2020	NIHR_Global_Health_Research_Unit_on_Genomic_Surveillance_of_Antimicrobial_Resistance	SC_RUN_31587_8	NA	NA	NA	NA	NA	NA	NA	NA	NA	NA	NA	NA	NA	NA	NA
G18000595	SAMEA5976646	ERS3779481	ERX4665284	ERR4795514	573	Klebsiella pneumoniae	435	RANDOM	04/11/2020	NIHR_Global_Health_Research_Unit_on_Genomic_Surveillance_of_Antimicrobial_Resistance	SC_RUN_31587_8	NA	NA	NA	NA	NA	NA	NA	NA	NA	NA	NA	NA	NA	NA	NA
G18000609	SAMEA5976648	ERS3779483	ERX4665285	ERR4795515	573	Klebsiella pneumoniae	445	RANDOM	04/11/2020	NIHR_Global_Health_Research_Unit_on_Genomic_Surveillance_of_Antimicrobial_Resistance	SC_RUN_31587_8	NA	NA	NA	NA	NA	NA	NA	NA	NA	NA	NA	NA	NA	NA	NA
G18000676	SAMEA5976577	ERS3779412	ERX4665288	ERR4795518	573	Klebsiella pneumoniae	474	RANDOM	04/11/2020	NIHR_Global_Health_Research_Unit_on_Genomic_Surveillance_of_Antimicrobial_Resistance	SC_RUN_31587_8	NA	NA	NA	NA	NA	NA	NA	NA	NA	NA	NA	NA	NA	NA	NA
G18000685	SAMEA5976579	ERS3779414	ERX4665289	ERR4795519	573	Klebsiella pneumoniae	426	RANDOM	04/11/2020	NIHR_Global_Health_Research_Unit_on_Genomic_Surveillance_of_Antimicrobial_Resistance	SC_RUN_31587_8	NA	NA	NA	NA	NA	NA	NA	NA	NA	NA	NA	NA	NA	NA	NA
G18000693	SAMEA5976580	ERS3779415	ERX4665290	ERR4795520	573	Klebsiella pneumoniae	460	RANDOM	04/11/2020	NIHR_Global_Health_Research_Unit_on_Genomic_Surveillance_of_Antimicrobial_Resistance	SC_RUN_31587_8	NA	NA	NA	NA	NA	NA	NA	NA	NA	NA	NA	NA	NA	NA	NA
G18000723	SAMEA5976582	ERS3779417	ERX4665291	ERR4795521	573	Klebsiella pneumoniae	440	RANDOM	04/11/2020	NIHR_Global_Health_Research_Unit_on_Genomic_Surveillance_of_Antimicrobial_Resistance	SC_RUN_31587_8	NA	NA	NA	NA	NA	NA	NA	NA	NA	NA	NA	NA	NA	NA	NA
G18000725	SAMEA5976583	ERS3779418	ERX4665292	ERR4795522	573	Klebsiella pneumoniae	457	RANDOM	04/11/2020	NIHR_Global_Health_Research_Unit_on_Genomic_Surveillance_of_Antimicrobial_Resistance	SC_RUN_31587_8	NA	NA	NA	NA	NA	NA	NA	NA	NA	NA	NA	NA	NA	NA	NA
G18000777	SAMEA5976585	ERS3779420	ERX4665293	ERR4795523	573	Klebsiella pneumoniae	445	RANDOM	04/11/2020	NIHR_Global_Health_Research_Unit_on_Genomic_Surveillance_of_Antimicrobial_Resistance	SC_RUN_31587_8	NA	NA	NA	NA	NA	NA	NA	NA	NA	NA	NA	NA	NA	NA	NA
G18000783	SAMEA5976589	ERS3779424	ERX4665294	ERR4795524	573	Klebsiella pneumoniae	383	RANDOM	04/11/2020	NIHR_Global_Health_Research_Unit_on_Genomic_Surveillance_of_Antimicrobial_Resistance	SC_RUN_31587_8	NA	NA	NA	NA	NA	NA	NA	NA	NA	NA	NA	NA	NA	NA	NA
G18000796	SAMEA5976588	ERS3779423	ERX4665295	ERR4795525	573	Klebsiella pneumoniae	435	RANDOM	04/11/2020	NIHR_Global_Health_Research_Unit_on_Genomic_Surveillance_of_Antimicrobial_Resistance	SC_RUN_31587_8	NA	NA	NA	NA	NA	NA	NA	NA	NA	NA	NA	NA	NA	NA	NA
G18000800	SAMEA5976590	ERS3779425	ERX4665296	ERR4795526	573	Klebsiella pneumoniae	467	RANDOM	04/11/2020	NIHR_Global_Health_Research_Unit_on_Genomic_Surveillance_of_Antimicrobial_Resistance	SC_RUN_31587_8	NA	NA	NA	NA	NA	NA	NA	NA	NA	NA	NA	NA	NA	NA	NA
G18000806	SAMEA5976592	ERS3779427	ERX4665297	ERR4795527	573	Klebsiella pneumoniae	433	RANDOM	04/11/2020	NIHR_Global_Health_Research_Unit_on_Genomic_Surveillance_of_Antimicrobial_Resistance	SC_RUN_31587_8	NA	NA	NA	NA	NA	NA	NA	NA	NA	NA	NA	NA	NA	NA	NA
G18000811	SAMEA5976593	ERS3779428	ERX4665298	ERR4795528	573	Klebsiella pneumoniae	446	RANDOM	04/11/2020	NIHR_Global_Health_Research_Unit_on_Genomic_Surveillance_of_Antimicrobial_Resistance	SC_RUN_31587_8	NA	NA	NA	NA	NA	NA	NA	NA	NA	NA	NA	NA	NA	NA	NA
G18000816	SAMEA5976594	ERS3779429	ERX4665299	ERR4795529	573	Klebsiella pneumoniae	447	RANDOM	04/11/2020	NIHR_Global_Health_Research_Unit_on_Genomic_Surveillance_of_Antimicrobial_Resistance	SC_RUN_31587_8	NA	NA	NA	NA	NA	NA	NA	NA	NA	NA	NA	NA	NA	NA	NA
G18000822	SAMEA5976596	ERS3779431	ERX4665300	ERR4795530	573	Klebsiella pneumoniae	447	RANDOM	04/11/2020	NIHR_Global_Health_Research_Unit_on_Genomic_Surveillance_of_Antimicrobial_Resistance	SC_RUN_31587_8	NA	NA	NA	NA	NA	NA	NA	NA	NA	NA	NA	NA	NA	NA	NA
G18000834	SAMEA5976599	ERS3779434	ERX4665301	ERR4795531	573	Klebsiella pneumoniae	419	RANDOM	04/11/2020	NIHR_Global_Health_Research_Unit_on_Genomic_Surveillance_of_Antimicrobial_Resistance	SC_RUN_31587_8	NA	NA	NA	NA	NA	NA	NA	NA	NA	NA	NA	NA	NA	NA	NA
G18000839	SAMEA5976602	ERS3779437	ERX4665303	ERR4795533	573	Klebsiella pneumoniae	444	RANDOM	04/11/2020	NIHR_Global_Health_Research_Unit_on_Genomic_Surveillance_of_Antimicrobial_Resistance	SC_RUN_31587_8	NA	NA	NA	NA	NA	NA	NA	NA	NA	NA	NA	NA	NA	NA	NA
G18000849	SAMEA5976603	ERS3779438	ERX4665304	ERR4795534	573	Klebsiella pneumoniae	451	RANDOM	04/11/2020	NIHR_Global_Health_Research_Unit_on_Genomic_Surveillance_of_Antimicrobial_Resistance	SC_RUN_31587_8	NA	NA	NA	NA	NA	NA	NA	NA	NA	NA	NA	NA	NA	NA	NA
G18000863	SAMEA5976604	ERS3779439	ERX4665305	ERR4795535	573	Klebsiella pneumoniae	418	RANDOM	04/11/2020	NIHR_Global_Health_Research_Unit_on_Genomic_Surveillance_of_Antimicrobial_Resistance	SC_RUN_31587_8	NA	NA	NA	NA	NA	NA	NA	NA	NA	NA	NA	NA	NA	NA	NA
G18000865	SAMEA5976606	ERS3779441	ERX4665306	ERR4795536	573	Klebsiella pneumoniae	427	RANDOM	04/11/2020	NIHR_Global_Health_Research_Unit_on_Genomic_Surveillance_of_Antimicrobial_Resistance	SC_RUN_31587_8	NA	NA	NA	NA	NA	NA	NA	NA	NA	NA	NA	NA	NA	NA	NA
G18000869	SAMEA5976607	ERS3779442	ERX4665307	ERR4795537	573	Klebsiella pneumoniae	445	RANDOM	04/11/2020	NIHR_Global_Health_Research_Unit_on_Genomic_Surveillance_of_Antimicrobial_Resistance	SC_RUN_31587_8	NA	NA	NA	NA	NA	NA	NA	NA	NA	NA	NA	NA	NA	NA	NA
G18000873	SAMEA5976608	ERS3779443	ERX4665308	ERR4795538	573	Klebsiella pneumoniae	433	RANDOM	04/11/2020	NIHR_Global_Health_Research_Unit_on_Genomic_Surveillance_of_Antimicrobial_Resistance	SC_RUN_31587_8	NA	NA	NA	NA	NA	NA	NA	NA	NA	NA	NA	NA	NA	NA	NA
G18000876	SAMEA5976609	ERS3779444	ERX4665309	ERR4795539	573	Klebsiella pneumoniae	417	RANDOM	04/11/2020	NIHR_Global_Health_Research_Unit_on_Genomic_Surveillance_of_Antimicrobial_Resistance	SC_RUN_31587_8	NA	NA	NA	NA	NA	NA	NA	NA	NA	NA	NA	NA	NA	NA	NA
G18000878	SAMEA5976610	ERS3779445	ERX4665310	ERR4795540	573	Klebsiella pneumoniae	454	RANDOM	04/11/2020	NIHR_Global_Health_Research_Unit_on_Genomic_Surveillance_of_Antimicrobial_Resistance	SC_RUN_31587_8	NA	NA	NA	NA	NA	NA	NA	NA	NA	NA	NA	NA	NA	NA	NA
G18000879	SAMEA5976611	ERS3779446	ERX4665311	ERR4795541	573	Klebsiella pneumoniae	446	RANDOM	04/11/2020	NIHR_Global_Health_Research_Unit_on_Genomic_Surveillance_of_Antimicrobial_Resistance	SC_RUN_31587_8	NA	NA	NA	NA	NA	NA	NA	NA	NA	NA	NA	NA	NA	NA	NA
G18000880	SAMEA5976612	ERS3779447	ERX4665312	ERR4795542	573	Klebsiella pneumoniae	460	RANDOM	04/11/2020	NIHR_Global_Health_Research_Unit_on_Genomic_Surveillance_of_Antimicrobial_Resistance	SC_RUN_31587_8	NA	NA	NA	NA	NA	NA	NA	NA	NA	NA	NA	NA	NA	NA	NA
G18000890	SAMEA5976614	ERS3779449	ERX4665313	ERR4795543	573	Klebsiella pneumoniae	433	RANDOM	04/11/2020	NIHR_Global_Health_Research_Unit_on_Genomic_Surveillance_of_Antimicrobial_Resistance	SC_RUN_31587_8	NA	NA	NA	NA	NA	NA	NA	NA	NA	NA	NA	NA	NA	NA	NA
G18000899	SAMEA5976616	ERS3779451	ERX4665316	ERR4795546	573	Klebsiella pneumoniae	446	RANDOM	04/11/2020	NIHR_Global_Health_Research_Unit_on_Genomic_Surveillance_of_Antimicrobial_Resistance	SC_RUN_31587_8	NA	NA	NA	NA	NA	NA	NA	NA	NA	NA	NA	NA	NA	NA	NA
G18000900	SAMEA5976618	ERS3779453	ERX4665317	ERR4795547	573	Klebsiella pneumoniae	428	RANDOM	04/11/2020	NIHR_Global_Health_Research_Unit_on_Genomic_Surveillance_of_Antimicrobial_Resistance	SC_RUN_31587_8	NA	NA	NA	NA	NA	NA	NA	NA	NA	NA	NA	NA	NA	NA	NA
G18000914	SAMEA5976622	ERS3779457	ERX4665320	ERR4795550	573	Klebsiella pneumoniae	443	RANDOM	04/11/2020	NIHR_Global_Health_Research_Unit_on_Genomic_Surveillance_of_Antimicrobial_Resistance	SC_RUN_31587_8	NA	NA	NA	NA	NA	NA	NA	NA	NA	NA	NA	NA	NA	NA	NA
G18000918	SAMEA5976624	ERS3779459	ERX4665321	ERR4795551	573	Klebsiella pneumoniae	432	RANDOM	04/11/2020	NIHR_Global_Health_Research_Unit_on_Genomic_Surveillance_of_Antimicrobial_Resistance	SC_RUN_31587_8	NA	NA	NA	NA	NA	NA	NA	NA	NA	NA	NA	NA	NA	NA	NA
G18000922	SAMEA5976625	ERS3779460	ERX4665322	ERR4795552	573	Klebsiella pneumoniae	442	RANDOM	04/11/2020	NIHR_Global_Health_Research_Unit_on_Genomic_Surveillance_of_Antimicrobial_Resistance	SC_RUN_31587_8	NA	NA	NA	NA	NA	NA	NA	NA	NA	NA	NA	NA	NA	NA	NA
G18000949	SAMEA5976627	ERS3779462	ERX4665324	ERR4795554	573	Klebsiella pneumoniae	426	RANDOM	04/11/2020	NIHR_Global_Health_Research_Unit_on_Genomic_Surveillance_of_Antimicrobial_Resistance	SC_RUN_31587_8	NA	NA	NA	NA	NA	NA	NA	NA	NA	NA	NA	NA	NA	NA	NA
G18000950	SAMEA5976628	ERS3779463	ERX4665325	ERR4795555	573	Klebsiella pneumoniae	447	RANDOM	04/11/2020	NIHR_Global_Health_Research_Unit_on_Genomic_Surveillance_of_Antimicrobial_Resistance	SC_RUN_31587_8	NA	NA	NA	NA	NA	NA	NA	NA	NA	NA	NA	NA	NA	NA	NA
G18000951	SAMEA5976631	ERS3779466	ERX4665326	ERR4795556	573	Klebsiella pneumoniae	447	RANDOM	04/11/2020	NIHR_Global_Health_Research_Unit_on_Genomic_Surveillance_of_Antimicrobial_Resistance	SC_RUN_31587_8	NA	NA	NA	NA	NA	NA	NA	NA	NA	NA	NA	NA	NA	NA	NA
G18000954	SAMEA5976630	ERS3779465	ERX4665327	ERR4795557	573	Klebsiella pneumoniae	443	RANDOM	04/11/2020	NIHR_Global_Health_Research_Unit_on_Genomic_Surveillance_of_Antimicrobial_Resistance	SC_RUN_31587_8	NA	NA	NA	NA	NA	NA	NA	NA	NA	NA	NA	NA	NA	NA	NA
G18000074	SAMEA5976637	ERS3779472	ERX4665331	ERR4795561	573	Klebsiella pneumoniae	446	RANDOM	04/11/2020	NIHR_Global_Health_Research_Unit_on_Genomic_Surveillance_of_Antimicrobial_Resistance	SC_RUN_31587_8	NA	NA	NA	NA	NA	NA	NA	NA	NA	NA	NA	NA	NA	NA	NA
G18000687	SAMEA5976578	ERS3779413	ERX4665332	ERR4795562	573	Klebsiella pneumoniae	457	RANDOM	04/11/2020	NIHR_Global_Health_Research_Unit_on_Genomic_Surveillance_of_Antimicrobial_Resistance	SC_RUN_31741_3	NA	NA	NA	NA	NA	NA	NA	NA	NA	NA	NA	NA	NA	NA	NA
G18000778	SAMEA5976587	ERS3779422	ERX4665333	ERR4795563	573	Klebsiella pneumoniae	447	RANDOM	04/11/2020	NIHR_Global_Health_Research_Unit_on_Genomic_Surveillance_of_Antimicrobial_Resistance	SC_RUN_31741_3	NA	NA	NA	NA	NA	NA	NA	NA	NA	NA	NA	NA	NA	NA	NA
G18000802	SAMEA5976591	ERS3779426	ERX4665334	ERR4795564	573	Klebsiella pneumoniae	458	RANDOM	04/11/2020	NIHR_Global_Health_Research_Unit_on_Genomic_Surveillance_of_Antimicrobial_Resistance	SC_RUN_31741_3	NA	NA	NA	NA	NA	NA	NA	NA	NA	NA	NA	NA	NA	NA	NA
G18000831	SAMEA5976598	ERS3779433	ERX4665335	ERR4795565	573	Klebsiella pneumoniae	461	RANDOM	04/11/2020	NIHR_Global_Health_Research_Unit_on_Genomic_Surveillance_of_Antimicrobial_Resistance	SC_RUN_31741_3	NA	NA	NA	NA	NA	NA	NA	NA	NA	NA	NA	NA	NA	NA	NA
G18000842	SAMEA5976601	ERS3779436	ERX4665336	ERR4795566	573	Klebsiella pneumoniae	459	RANDOM	04/11/2020	NIHR_Global_Health_Research_Unit_on_Genomic_Surveillance_of_Antimicrobial_Resistance	SC_RUN_31741_3	NA	NA	NA	NA	NA	NA	NA	NA	NA	NA	NA	NA	NA	NA	NA
G18000861	SAMEA5976605	ERS3779440	ERX4665337	ERR4795567	573	Klebsiella pneumoniae	469	RANDOM	04/11/2020	NIHR_Global_Health_Research_Unit_on_Genomic_Surveillance_of_Antimicrobial_Resistance	SC_RUN_31741_3	NA	NA	NA	NA	NA	NA	NA	NA	NA	NA	NA	NA	NA	NA	NA
G18000887	SAMEA5976613	ERS3779448	ERX4665338	ERR4795568	573	Klebsiella pneumoniae	439	RANDOM	04/11/2020	NIHR_Global_Health_Research_Unit_on_Genomic_Surveillance_of_Antimicrobial_Resistance	SC_RUN_31741_3	NA	NA	NA	NA	NA	NA	NA	NA	NA	NA	NA	NA	NA	NA	NA
G18000920	SAMEA5976623	ERS3779458	ERX4665339	ERR4795569	573	Klebsiella pneumoniae	442	RANDOM	04/11/2020	NIHR_Global_Health_Research_Unit_on_Genomic_Surveillance_of_Antimicrobial_Resistance	SC_RUN_31741_3	NA	NA	NA	NA	NA	NA	NA	NA	NA	NA	NA	NA	NA	NA	NA
G18000624	SAMEA5976647	ERS3779482	ERX4665341	ERR4795571	573	Klebsiella pneumoniae	450	RANDOM	04/11/2020	NIHR_Global_Health_Research_Unit_on_Genomic_Surveillance_of_Antimicrobial_Resistance	SC_RUN_31741_3	NA	NA	NA	NA	NA	NA	NA	NA	NA	NA	NA	NA	NA	NA	NA
G18001132	SAMEA6375618	ERS4141711	ERX4665342	ERR4795572	573	Klebsiella pneumoniae	424	RANDOM	04/11/2020	NIHR_Global_Health_Research_Unit_on_Genomic_Surveillance_of_Antimicrobial_Resistance	SC_RUN_32892_3	NA	NA	NA	NA	NA	NA	NA	NA	NA	NA	NA	NA	NA	NA	NA
G18001133	SAMEA6375619	ERS4141712	ERX4665343	ERR4795573	573	Klebsiella pneumoniae	427	RANDOM	04/11/2020	NIHR_Global_Health_Research_Unit_on_Genomic_Surveillance_of_Antimicrobial_Resistance	SC_RUN_32892_3	NA	NA	NA	NA	NA	NA	NA	NA	NA	NA	NA	NA	NA	NA	NA
G18001135	SAMEA6375622	ERS4141715	ERX4665345	ERR4795575	573	Klebsiella pneumoniae	417	RANDOM	04/11/2020	NIHR_Global_Health_Research_Unit_on_Genomic_Surveillance_of_Antimicrobial_Resistance	SC_RUN_32892_3	NA	NA	NA	NA	NA	NA	NA	NA	NA	NA	NA	NA	NA	NA	NA
G18001136	SAMEA6375623	ERS4141716	ERX4665346	ERR4795576	573	Klebsiella pneumoniae	430	RANDOM	04/11/2020	NIHR_Global_Health_Research_Unit_on_Genomic_Surveillance_of_Antimicrobial_Resistance	SC_RUN_32892_3	NA	NA	NA	NA	NA	NA	NA	NA	NA	NA	NA	NA	NA	NA	NA
G18001138	SAMEA6375625	ERS4141718	ERX4665347	ERR4795577	573	Klebsiella pneumoniae	405	RANDOM	04/11/2020	NIHR_Global_Health_Research_Unit_on_Genomic_Surveillance_of_Antimicrobial_Resistance	SC_RUN_32892_3	NA	NA	NA	NA	NA	NA	NA	NA	NA	NA	NA	NA	NA	NA	NA
G18001144	SAMEA6375629	ERS4141722	ERX4665348	ERR4795578	573	Klebsiella pneumoniae	420	RANDOM	04/11/2020	NIHR_Global_Health_Research_Unit_on_Genomic_Surveillance_of_Antimicrobial_Resistance	SC_RUN_32892_3	NA	NA	NA	NA	NA	NA	NA	NA	NA	NA	NA	NA	NA	NA	NA
G18001150	SAMEA6375630	ERS4141723	ERX4665350	ERR4795580	573	Klebsiella pneumoniae	433	RANDOM	04/11/2020	NIHR_Global_Health_Research_Unit_on_Genomic_Surveillance_of_Antimicrobial_Resistance	SC_RUN_32892_3	NA	NA	NA	NA	NA	NA	NA	NA	NA	NA	NA	NA	NA	NA	NA
G18001151	SAMEA6375633	ERS4141726	ERX4665351	ERR4795581	573	Klebsiella pneumoniae	414	RANDOM	04/11/2020	NIHR_Global_Health_Research_Unit_on_Genomic_Surveillance_of_Antimicrobial_Resistance	SC_RUN_32892_3	NA	NA	NA	NA	NA	NA	NA	NA	NA	NA	NA	NA	NA	NA	NA
G18001152	SAMEA6375631	ERS4141724	ERX4665352	ERR4795582	573	Klebsiella pneumoniae	422	RANDOM	04/11/2020	NIHR_Global_Health_Research_Unit_on_Genomic_Surveillance_of_Antimicrobial_Resistance	SC_RUN_32892_3	NA	NA	NA	NA	NA	NA	NA	NA	NA	NA	NA	NA	NA	NA	NA
G18001164	SAMEA6375634	ERS4141727	ERX4665353	ERR4795583	573	Klebsiella pneumoniae	451	RANDOM	04/11/2020	NIHR_Global_Health_Research_Unit_on_Genomic_Surveillance_of_Antimicrobial_Resistance	SC_RUN_32892_3	NA	NA	NA	NA	NA	NA	NA	NA	NA	NA	NA	NA	NA	NA	NA
G18001165	SAMEA6375635	ERS4141728	ERX4665354	ERR4795584	573	Klebsiella pneumoniae	425	RANDOM	04/11/2020	NIHR_Global_Health_Research_Unit_on_Genomic_Surveillance_of_Antimicrobial_Resistance	SC_RUN_32892_3	NA	NA	NA	NA	NA	NA	NA	NA	NA	NA	NA	NA	NA	NA	NA
G18000228	SAMEA6375365	ERS4141459	ERX4665358	ERR4795588	573	Klebsiella pneumoniae	424	RANDOM	04/11/2020	NIHR_Global_Health_Research_Unit_on_Genomic_Surveillance_of_Antimicrobial_Resistance	SC_RUN_32892_3	NA	NA	NA	NA	NA	NA	NA	NA	NA	NA	NA	NA	NA	NA	NA
G18000244	SAMEA6375368	ERS4141462	ERX4665359	ERR4795589	573	Klebsiella pneumoniae	438	RANDOM	04/11/2020	NIHR_Global_Health_Research_Unit_on_Genomic_Surveillance_of_Antimicrobial_Resistance	SC_RUN_32892_3	NA	NA	NA	NA	NA	NA	NA	NA	NA	NA	NA	NA	NA	NA	NA
G18000264	SAMEA6375380	ERS4141474	ERX4665360	ERR4795590	573	Klebsiella pneumoniae	402	RANDOM	04/11/2020	NIHR_Global_Health_Research_Unit_on_Genomic_Surveillance_of_Antimicrobial_Resistance	SC_RUN_32892_3	NA	NA	NA	NA	NA	NA	NA	NA	NA	NA	NA	NA	NA	NA	NA
G18000274	SAMEA6375384	ERS4141478	ERX4665361	ERR4795591	573	Klebsiella pneumoniae	425	RANDOM	04/11/2020	NIHR_Global_Health_Research_Unit_on_Genomic_Surveillance_of_Antimicrobial_Resistance	SC_RUN_32892_3	NA	NA	NA	NA	NA	NA	NA	NA	NA	NA	NA	NA	NA	NA	NA
G18000365	SAMEA6375408	ERS4141502	ERX4665364	ERR4795594	573	Klebsiella pneumoniae	424	RANDOM	04/11/2020	NIHR_Global_Health_Research_Unit_on_Genomic_Surveillance_of_Antimicrobial_Resistance	SC_RUN_32892_3	NA	NA	NA	NA	NA	NA	NA	NA	NA	NA	NA	NA	NA	NA	NA
G18000394	SAMEA6375428	ERS4141521	ERX4665366	ERR4795596	573	Klebsiella pneumoniae	430	RANDOM	04/11/2020	NIHR_Global_Health_Research_Unit_on_Genomic_Surveillance_of_Antimicrobial_Resistance	SC_RUN_32892_3	NA	NA	NA	NA	NA	NA	NA	NA	NA	NA	NA	NA	NA	NA	NA
G18000398	SAMEA6375423	ERS4141516	ERX4665367	ERR4795597	573	Klebsiella pneumoniae	379	RANDOM	04/11/2020	NIHR_Global_Health_Research_Unit_on_Genomic_Surveillance_of_Antimicrobial_Resistance	SC_RUN_32892_3	NA	NA	NA	NA	NA	NA	NA	NA	NA	NA	NA	NA	NA	NA	NA
G18000468	SAMEA6375437	ERS4141530	ERX4665369	ERR4795599	573	Klebsiella pneumoniae	423	RANDOM	04/11/2020	NIHR_Global_Health_Research_Unit_on_Genomic_Surveillance_of_Antimicrobial_Resistance	SC_RUN_32892_3	NA	NA	NA	NA	NA	NA	NA	NA	NA	NA	NA	NA	NA	NA	NA
G18000469	SAMEA6375439	ERS4141532	ERX4665370	ERR4795600	573	Klebsiella pneumoniae	423	RANDOM	04/11/2020	NIHR_Global_Health_Research_Unit_on_Genomic_Surveillance_of_Antimicrobial_Resistance	SC_RUN_32892_3	NA	NA	NA	NA	NA	NA	NA	NA	NA	NA	NA	NA	NA	NA	NA
G18000486	SAMEA6375448	ERS4141541	ERX4665371	ERR4795601	573	Klebsiella pneumoniae	435	RANDOM	04/11/2020	NIHR_Global_Health_Research_Unit_on_Genomic_Surveillance_of_Antimicrobial_Resistance	SC_RUN_32892_3	NA	NA	NA	NA	NA	NA	NA	NA	NA	NA	NA	NA	NA	NA	NA
G18000606	SAMEA6375483	ERS4141576	ERX4665372	ERR4795602	573	Klebsiella pneumoniae	444	RANDOM	04/11/2020	NIHR_Global_Health_Research_Unit_on_Genomic_Surveillance_of_Antimicrobial_Resistance	SC_RUN_32892_3	NA	NA	NA	NA	NA	NA	NA	NA	NA	NA	NA	NA	NA	NA	NA
G18000611	SAMEA6375484	ERS4141577	ERX4665373	ERR4795603	573	Klebsiella pneumoniae	423	RANDOM	04/11/2020	NIHR_Global_Health_Research_Unit_on_Genomic_Surveillance_of_Antimicrobial_Resistance	SC_RUN_32892_3	NA	NA	NA	NA	NA	NA	NA	NA	NA	NA	NA	NA	NA	NA	NA
G18000648	SAMEA6375497	ERS4141590	ERX4665374	ERR4795604	573	Klebsiella pneumoniae	435	RANDOM	04/11/2020	NIHR_Global_Health_Research_Unit_on_Genomic_Surveillance_of_Antimicrobial_Resistance	SC_RUN_32892_3	NA	NA	NA	NA	NA	NA	NA	NA	NA	NA	NA	NA	NA	NA	NA
G18000737	SAMEA6375510	ERS4141603	ERX4665375	ERR4795605	573	Klebsiella pneumoniae	402	RANDOM	04/11/2020	NIHR_Global_Health_Research_Unit_on_Genomic_Surveillance_of_Antimicrobial_Resistance	SC_RUN_32892_3	NA	NA	NA	NA	NA	NA	NA	NA	NA	NA	NA	NA	NA	NA	NA
G18000747	SAMEA6375515	ERS4141608	ERX4665376	ERR4795606	573	Klebsiella pneumoniae	437	RANDOM	04/11/2020	NIHR_Global_Health_Research_Unit_on_Genomic_Surveillance_of_Antimicrobial_Resistance	SC_RUN_32892_3	NA	NA	NA	NA	NA	NA	NA	NA	NA	NA	NA	NA	NA	NA	NA
G18000751	SAMEA6375516	ERS4141609	ERX4665377	ERR4795607	573	Klebsiella pneumoniae	449	RANDOM	04/11/2020	NIHR_Global_Health_Research_Unit_on_Genomic_Surveillance_of_Antimicrobial_Resistance	SC_RUN_32892_3	NA	NA	NA	NA	NA	NA	NA	NA	NA	NA	NA	NA	NA	NA	NA
G18000784	SAMEA6375525	ERS4141618	ERX4665378	ERR4795608	573	Klebsiella pneumoniae	420	RANDOM	04/11/2020	NIHR_Global_Health_Research_Unit_on_Genomic_Surveillance_of_Antimicrobial_Resistance	SC_RUN_32892_3	NA	NA	NA	NA	NA	NA	NA	NA	NA	NA	NA	NA	NA	NA	NA
G18000789	SAMEA6375526	ERS4141619	ERX4665379	ERR4795609	573	Klebsiella pneumoniae	430	RANDOM	04/11/2020	NIHR_Global_Health_Research_Unit_on_Genomic_Surveillance_of_Antimicrobial_Resistance	SC_RUN_32892_3	NA	NA	NA	NA	NA	NA	NA	NA	NA	NA	NA	NA	NA	NA	NA
G18000858	SAMEA6375542	ERS4141635	ERX4665380	ERR4795610	573	Klebsiella pneumoniae	442	RANDOM	04/11/2020	NIHR_Global_Health_Research_Unit_on_Genomic_Surveillance_of_Antimicrobial_Resistance	SC_RUN_32892_3	NA	NA	NA	NA	NA	NA	NA	NA	NA	NA	NA	NA	NA	NA	NA
G18000875	SAMEA6375546	ERS4141639	ERX4665381	ERR4795611	573	Klebsiella pneumoniae	428	RANDOM	04/11/2020	NIHR_Global_Health_Research_Unit_on_Genomic_Surveillance_of_Antimicrobial_Resistance	SC_RUN_32892_3	NA	NA	NA	NA	NA	NA	NA	NA	NA	NA	NA	NA	NA	NA	NA
G18000889	SAMEA6375549	ERS4141642	ERX4665382	ERR4795612	573	Klebsiella pneumoniae	443	RANDOM	04/11/2020	NIHR_Global_Health_Research_Unit_on_Genomic_Surveillance_of_Antimicrobial_Resistance	SC_RUN_32892_3	NA	NA	NA	NA	NA	NA	NA	NA	NA	NA	NA	NA	NA	NA	NA
G18000897	SAMEA6375550	ERS4141643	ERX4665383	ERR4795613	573	Klebsiella pneumoniae	432	RANDOM	04/11/2020	NIHR_Global_Health_Research_Unit_on_Genomic_Surveillance_of_Antimicrobial_Resistance	SC_RUN_32892_3	NA	NA	NA	NA	NA	NA	NA	NA	NA	NA	NA	NA	NA	NA	NA
G18000958	SAMEA6375561	ERS4141654	ERX4665386	ERR4795616	573	Klebsiella pneumoniae	439	RANDOM	04/11/2020	NIHR_Global_Health_Research_Unit_on_Genomic_Surveillance_of_Antimicrobial_Resistance	SC_RUN_32892_3	NA	NA	NA	NA	NA	NA	NA	NA	NA	NA	NA	NA	NA	NA	NA
G18000963	SAMEA6375564	ERS4141657	ERX4665387	ERR4795617	573	Klebsiella pneumoniae	446	RANDOM	04/11/2020	NIHR_Global_Health_Research_Unit_on_Genomic_Surveillance_of_Antimicrobial_Resistance	SC_RUN_32892_3	NA	NA	NA	NA	NA	NA	NA	NA	NA	NA	NA	NA	NA	NA	NA
G18000991	SAMEA6375572	ERS4141665	ERX4665388	ERR4795618	573	Klebsiella pneumoniae	454	RANDOM	04/11/2020	NIHR_Global_Health_Research_Unit_on_Genomic_Surveillance_of_Antimicrobial_Resistance	SC_RUN_32892_3	NA	NA	NA	NA	NA	NA	NA	NA	NA	NA	NA	NA	NA	NA	NA
G18000996	SAMEA6375574	ERS4141667	ERX4665389	ERR4795619	573	Klebsiella pneumoniae	439	RANDOM	04/11/2020	NIHR_Global_Health_Research_Unit_on_Genomic_Surveillance_of_Antimicrobial_Resistance	SC_RUN_32892_3	NA	NA	NA	NA	NA	NA	NA	NA	NA	NA	NA	NA	NA	NA	NA
G18001004	SAMEA6375586	ERS4141679	ERX4665390	ERR4795620	573	Klebsiella pneumoniae	444	RANDOM	04/11/2020	NIHR_Global_Health_Research_Unit_on_Genomic_Surveillance_of_Antimicrobial_Resistance	SC_RUN_32892_3	NA	NA	NA	NA	NA	NA	NA	NA	NA	NA	NA	NA	NA	NA	NA
G18001008	SAMEA6375588	ERS4141681	ERX4665392	ERR4795622	573	Klebsiella pneumoniae	440	RANDOM	04/11/2020	NIHR_Global_Health_Research_Unit_on_Genomic_Surveillance_of_Antimicrobial_Resistance	SC_RUN_32892_3	NA	NA	NA	NA	NA	NA	NA	NA	NA	NA	NA	NA	NA	NA	NA
G18001009	SAMEA6375589	ERS4141682	ERX4665393	ERR4795623	573	Klebsiella pneumoniae	446	RANDOM	04/11/2020	NIHR_Global_Health_Research_Unit_on_Genomic_Surveillance_of_Antimicrobial_Resistance	SC_RUN_32892_3	NA	NA	NA	NA	NA	NA	NA	NA	NA	NA	NA	NA	NA	NA	NA
G18001018	SAMEA6375595	ERS4141688	ERX4665394	ERR4795624	573	Klebsiella pneumoniae	424	RANDOM	04/11/2020	NIHR_Global_Health_Research_Unit_on_Genomic_Surveillance_of_Antimicrobial_Resistance	SC_RUN_32892_3	NA	NA	NA	NA	NA	NA	NA	NA	NA	NA	NA	NA	NA	NA	NA
G18001019	SAMEA6375596	ERS4141689	ERX4665395	ERR4795625	573	Klebsiella pneumoniae	445	RANDOM	04/11/2020	NIHR_Global_Health_Research_Unit_on_Genomic_Surveillance_of_Antimicrobial_Resistance	SC_RUN_32892_3	NA	NA	NA	NA	NA	NA	NA	NA	NA	NA	NA	NA	NA	NA	NA
G18001030	SAMEA6375600	ERS4141693	ERX4665396	ERR4795626	573	Klebsiella pneumoniae	454	RANDOM	04/11/2020	NIHR_Global_Health_Research_Unit_on_Genomic_Surveillance_of_Antimicrobial_Resistance	SC_RUN_32892_3	NA	NA	NA	NA	NA	NA	NA	NA	NA	NA	NA	NA	NA	NA	NA
G18001063	SAMEA6375608	ERS4141701	ERX4665397	ERR4795627	573	Klebsiella pneumoniae	425	RANDOM	04/11/2020	NIHR_Global_Health_Research_Unit_on_Genomic_Surveillance_of_Antimicrobial_Resistance	SC_RUN_32892_3	NA	NA	NA	NA	NA	NA	NA	NA	NA	NA	NA	NA	NA	NA	NA
G18001069	SAMEA6375610	ERS4141703	ERX4665398	ERR4795628	573	Klebsiella pneumoniae	430	RANDOM	04/11/2020	NIHR_Global_Health_Research_Unit_on_Genomic_Surveillance_of_Antimicrobial_Resistance	SC_RUN_32892_3	NA	NA	NA	NA	NA	NA	NA	NA	NA	NA	NA	NA	NA	NA	NA
G18001096	SAMEA6375613	ERS4141706	ERX4665399	ERR4795629	573	Klebsiella pneumoniae	431	RANDOM	04/11/2020	NIHR_Global_Health_Research_Unit_on_Genomic_Surveillance_of_Antimicrobial_Resistance	SC_RUN_32892_3	NA	NA	NA	NA	NA	NA	NA	NA	NA	NA	NA	NA	NA	NA	NA
G18001097	SAMEA6375615	ERS4141708	ERX4665400	ERR4795630	573	Klebsiella pneumoniae	439	RANDOM	04/11/2020	NIHR_Global_Health_Research_Unit_on_Genomic_Surveillance_of_Antimicrobial_Resistance	SC_RUN_32892_3	NA	NA	NA	NA	NA	NA	NA	NA	NA	NA	NA	NA	NA	NA	NA
G18001140	SAMEA6375626	ERS4141719	ERX4665403	ERR4795633	573	Klebsiella pneumoniae	431	RANDOM	04/11/2020	NIHR_Global_Health_Research_Unit_on_Genomic_Surveillance_of_Antimicrobial_Resistance	SC_RUN_32892_3	NA	NA	NA	NA	NA	NA	NA	NA	NA	NA	NA	NA	NA	NA	NA
G18001142	SAMEA6375627	ERS4141720	ERX4665404	ERR4795634	573	Klebsiella pneumoniae	414	RANDOM	04/11/2020	NIHR_Global_Health_Research_Unit_on_Genomic_Surveillance_of_Antimicrobial_Resistance	SC_RUN_32892_3	NA	NA	NA	NA	NA	NA	NA	NA	NA	NA	NA	NA	NA	NA	NA
G18000621	SAMEA6375487	ERS4141580	ERX4665406	ERR4795636	573	Klebsiella pneumoniae	410	RANDOM	04/11/2020	NIHR_Global_Health_Research_Unit_on_Genomic_Surveillance_of_Antimicrobial_Resistance	SC_RUN_32979_1	NA	NA	NA	NA	NA	NA	NA	NA	NA	NA	NA	NA	NA	NA	NA
G18000255	SAMEA6375375	ERS4141469	ERX4665407	ERR4795637	573	Klebsiella pneumoniae	441	RANDOM	04/11/2020	NIHR_Global_Health_Research_Unit_on_Genomic_Surveillance_of_Antimicrobial_Resistance	SC_RUN_32979_1	NA	NA	NA	NA	NA	NA	NA	NA	NA	NA	NA	NA	NA	NA	NA
G18000257	SAMEA6375377	ERS4141471	ERX4665408	ERR4795638	573	Klebsiella pneumoniae	446	RANDOM	04/11/2020	NIHR_Global_Health_Research_Unit_on_Genomic_Surveillance_of_Antimicrobial_Resistance	SC_RUN_32979_1	NA	NA	NA	NA	NA	NA	NA	NA	NA	NA	NA	NA	NA	NA	NA
G18000622	SAMEA6375489	ERS4141582	ERX4665409	ERR4795639	573	Klebsiella pneumoniae	413	RANDOM	04/11/2020	NIHR_Global_Health_Research_Unit_on_Genomic_Surveillance_of_Antimicrobial_Resistance	SC_RUN_32979_1	NA	NA	NA	NA	NA	NA	NA	NA	NA	NA	NA	NA	NA	NA	NA
G18000268	SAMEA6375379	ERS4141473	ERX4665410	ERR4795640	573	Klebsiella pneumoniae	425	RANDOM	04/11/2020	NIHR_Global_Health_Research_Unit_on_Genomic_Surveillance_of_Antimicrobial_Resistance	SC_RUN_32979_1	NA	NA	NA	NA	NA	NA	NA	NA	NA	NA	NA	NA	NA	NA	NA
G18000628	SAMEA6375493	ERS4141586	ERX4665411	ERR4795641	573	Klebsiella pneumoniae	406	RANDOM	04/11/2020	NIHR_Global_Health_Research_Unit_on_Genomic_Surveillance_of_Antimicrobial_Resistance	SC_RUN_32979_1	NA	NA	NA	NA	NA	NA	NA	NA	NA	NA	NA	NA	NA	NA	NA
G18000271	SAMEA6375378	ERS4141472	ERX4665412	ERR4795642	573	Klebsiella pneumoniae	444	RANDOM	04/11/2020	NIHR_Global_Health_Research_Unit_on_Genomic_Surveillance_of_Antimicrobial_Resistance	SC_RUN_32979_1	NA	NA	NA	NA	NA	NA	NA	NA	NA	NA	NA	NA	NA	NA	NA
G18000633	SAMEA6375501	ERS4141594	ERX4665414	ERR4795644	573	Klebsiella pneumoniae	426	RANDOM	04/11/2020	NIHR_Global_Health_Research_Unit_on_Genomic_Surveillance_of_Antimicrobial_Resistance	SC_RUN_32979_1	NA	NA	NA	NA	NA	NA	NA	NA	NA	NA	NA	NA	NA	NA	NA
G18000273	SAMEA6375383	ERS4141477	ERX4665415	ERR4795645	573	Klebsiella pneumoniae	410	RANDOM	04/11/2020	NIHR_Global_Health_Research_Unit_on_Genomic_Surveillance_of_Antimicrobial_Resistance	SC_RUN_32979_1	NA	NA	NA	NA	NA	NA	NA	NA	NA	NA	NA	NA	NA	NA	NA
G18000660	SAMEA6375495	ERS4141588	ERX4665416	ERR4795646	573	Klebsiella pneumoniae	423	RANDOM	04/11/2020	NIHR_Global_Health_Research_Unit_on_Genomic_Surveillance_of_Antimicrobial_Resistance	SC_RUN_32979_1	NA	NA	NA	NA	NA	NA	NA	NA	NA	NA	NA	NA	NA	NA	NA
G18000277	SAMEA6375385	ERS4141479	ERX4665417	ERR4795647	573	Klebsiella pneumoniae	466	RANDOM	04/11/2020	NIHR_Global_Health_Research_Unit_on_Genomic_Surveillance_of_Antimicrobial_Resistance	SC_RUN_32979_1	NA	NA	NA	NA	NA	NA	NA	NA	NA	NA	NA	NA	NA	NA	NA
G18000673	SAMEA6375499	ERS4141592	ERX4665418	ERR4795648	573	Klebsiella pneumoniae	431	RANDOM	04/11/2020	NIHR_Global_Health_Research_Unit_on_Genomic_Surveillance_of_Antimicrobial_Resistance	SC_RUN_32979_1	NA	NA	NA	NA	NA	NA	NA	NA	NA	NA	NA	NA	NA	NA	NA
G18000279	SAMEA6375386	ERS4141480	ERX4665420	ERR4795650	573	Klebsiella pneumoniae	433	RANDOM	04/11/2020	NIHR_Global_Health_Research_Unit_on_Genomic_Surveillance_of_Antimicrobial_Resistance	SC_RUN_32979_1	NA	NA	NA	NA	NA	NA	NA	NA	NA	NA	NA	NA	NA	NA	NA
G18000681	SAMEA6375498	ERS4141591	ERX4665421	ERR4795651	573	Klebsiella pneumoniae	501	RANDOM	04/11/2020	NIHR_Global_Health_Research_Unit_on_Genomic_Surveillance_of_Antimicrobial_Resistance	SC_RUN_32979_1	NA	NA	NA	NA	NA	NA	NA	NA	NA	NA	NA	NA	NA	NA	NA
G18000282	SAMEA6375393	ERS4141487	ERX4665422	ERR4795652	573	Klebsiella pneumoniae	387	RANDOM	04/11/2020	NIHR_Global_Health_Research_Unit_on_Genomic_Surveillance_of_Antimicrobial_Resistance	SC_RUN_32979_1	NA	NA	NA	NA	NA	NA	NA	NA	NA	NA	NA	NA	NA	NA	NA
G18000686	SAMEA6375500	ERS4141593	ERX4665423	ERR4795653	573	Klebsiella pneumoniae	492	RANDOM	04/11/2020	NIHR_Global_Health_Research_Unit_on_Genomic_Surveillance_of_Antimicrobial_Resistance	SC_RUN_32979_1	NA	NA	NA	NA	NA	NA	NA	NA	NA	NA	NA	NA	NA	NA	NA
G18000289	SAMEA6375387	ERS4141481	ERX4665424	ERR4795654	573	Klebsiella pneumoniae	447	RANDOM	04/11/2020	NIHR_Global_Health_Research_Unit_on_Genomic_Surveillance_of_Antimicrobial_Resistance	SC_RUN_32979_1	NA	NA	NA	NA	NA	NA	NA	NA	NA	NA	NA	NA	NA	NA	NA
G18000690	SAMEA6375503	ERS4141596	ERX4665425	ERR4795655	573	Klebsiella pneumoniae	465	RANDOM	04/11/2020	NIHR_Global_Health_Research_Unit_on_Genomic_Surveillance_of_Antimicrobial_Resistance	SC_RUN_32979_1	NA	NA	NA	NA	NA	NA	NA	NA	NA	NA	NA	NA	NA	NA	NA
G18000700	SAMEA6375502	ERS4141595	ERX4665427	ERR4795657	573	Klebsiella pneumoniae	512	RANDOM	04/11/2020	NIHR_Global_Health_Research_Unit_on_Genomic_Surveillance_of_Antimicrobial_Resistance	SC_RUN_32979_1	NA	NA	NA	NA	NA	NA	NA	NA	NA	NA	NA	NA	NA	NA	NA
G18000294	SAMEA6375389	ERS4141483	ERX4665428	ERR4795658	573	Klebsiella pneumoniae	424	RANDOM	04/11/2020	NIHR_Global_Health_Research_Unit_on_Genomic_Surveillance_of_Antimicrobial_Resistance	SC_RUN_32979_1	NA	NA	NA	NA	NA	NA	NA	NA	NA	NA	NA	NA	NA	NA	NA
G18000711	SAMEA6375504	ERS4141597	ERX4665429	ERR4795659	573	Klebsiella pneumoniae	518	RANDOM	04/11/2020	NIHR_Global_Health_Research_Unit_on_Genomic_Surveillance_of_Antimicrobial_Resistance	SC_RUN_32979_1	NA	NA	NA	NA	NA	NA	NA	NA	NA	NA	NA	NA	NA	NA	NA
G18000295	SAMEA6375390	ERS4141484	ERX4665430	ERR4795660	573	Klebsiella pneumoniae	396	RANDOM	04/11/2020	NIHR_Global_Health_Research_Unit_on_Genomic_Surveillance_of_Antimicrobial_Resistance	SC_RUN_32979_1	NA	NA	NA	NA	NA	NA	NA	NA	NA	NA	NA	NA	NA	NA	NA
G18000299	SAMEA6375391	ERS4141485	ERX4665432	ERR4795662	573	Klebsiella pneumoniae	437	RANDOM	04/11/2020	NIHR_Global_Health_Research_Unit_on_Genomic_Surveillance_of_Antimicrobial_Resistance	SC_RUN_32979_1	NA	NA	NA	NA	NA	NA	NA	NA	NA	NA	NA	NA	NA	NA	NA
G18000301	SAMEA6375392	ERS4141486	ERX4665434	ERR4795664	573	Klebsiella pneumoniae	410	RANDOM	04/11/2020	NIHR_Global_Health_Research_Unit_on_Genomic_Surveillance_of_Antimicrobial_Resistance	SC_RUN_32979_1	NA	NA	NA	NA	NA	NA	NA	NA	NA	NA	NA	NA	NA	NA	NA
G18000721	SAMEA6375506	ERS4141599	ERX4665435	ERR4795665	573	Klebsiella pneumoniae	496	RANDOM	04/11/2020	NIHR_Global_Health_Research_Unit_on_Genomic_Surveillance_of_Antimicrobial_Resistance	SC_RUN_32979_1	NA	NA	NA	NA	NA	NA	NA	NA	NA	NA	NA	NA	NA	NA	NA
G18000304	SAMEA6375394	ERS4141488	ERX4665436	ERR4795666	573	Klebsiella pneumoniae	446	RANDOM	04/11/2020	NIHR_Global_Health_Research_Unit_on_Genomic_Surveillance_of_Antimicrobial_Resistance	SC_RUN_32979_1	NA	NA	NA	NA	NA	NA	NA	NA	NA	NA	NA	NA	NA	NA	NA
G18000306	SAMEA6375396	ERS4141490	ERX4665438	ERR4795668	573	Klebsiella pneumoniae	411	RANDOM	04/11/2020	NIHR_Global_Health_Research_Unit_on_Genomic_Surveillance_of_Antimicrobial_Resistance	SC_RUN_32979_1	NA	NA	NA	NA	NA	NA	NA	NA	NA	NA	NA	NA	NA	NA	NA
G18000308	SAMEA6375398	ERS4141492	ERX4665440	ERR4795670	573	Klebsiella pneumoniae	413	RANDOM	04/11/2020	NIHR_Global_Health_Research_Unit_on_Genomic_Surveillance_of_Antimicrobial_Resistance	SC_RUN_32979_1	NA	NA	NA	NA	NA	NA	NA	NA	NA	NA	NA	NA	NA	NA	NA
G18000314	SAMEA6375399	ERS4141493	ERX4665441	ERR4795671	573	Klebsiella pneumoniae	423	RANDOM	04/11/2020	NIHR_Global_Health_Research_Unit_on_Genomic_Surveillance_of_Antimicrobial_Resistance	SC_RUN_32979_1	NA	NA	NA	NA	NA	NA	NA	NA	NA	NA	NA	NA	NA	NA	NA
G18000318	SAMEA6375402	ERS4141496	ERX4665443	ERR4795673	573	Klebsiella pneumoniae	441	RANDOM	04/11/2020	NIHR_Global_Health_Research_Unit_on_Genomic_Surveillance_of_Antimicrobial_Resistance	SC_RUN_32979_1	NA	NA	NA	NA	NA	NA	NA	NA	NA	NA	NA	NA	NA	NA	NA
G18000744	SAMEA6375514	ERS4141607	ERX4665444	ERR4795674	573	Klebsiella pneumoniae	509	RANDOM	04/11/2020	NIHR_Global_Health_Research_Unit_on_Genomic_Surveillance_of_Antimicrobial_Resistance	SC_RUN_32979_1	NA	NA	NA	NA	NA	NA	NA	NA	NA	NA	NA	NA	NA	NA	NA
G18000347	SAMEA6375403	ERS4141497	ERX4665447	ERR4795677	573	Klebsiella pneumoniae	424	RANDOM	04/11/2020	NIHR_Global_Health_Research_Unit_on_Genomic_Surveillance_of_Antimicrobial_Resistance	SC_RUN_32979_1	NA	NA	NA	NA	NA	NA	NA	NA	NA	NA	NA	NA	NA	NA	NA
G18000351	SAMEA6375407	ERS4141501	ERX4665449	ERR4795679	573	Klebsiella pneumoniae	449	RANDOM	04/11/2020	NIHR_Global_Health_Research_Unit_on_Genomic_Surveillance_of_Antimicrobial_Resistance	SC_RUN_32979_1	NA	NA	NA	NA	NA	NA	NA	NA	NA	NA	NA	NA	NA	NA	NA
G18000759	SAMEA6375519	ERS4141612	ERX4665450	ERR4795680	573	Klebsiella pneumoniae	489	RANDOM	04/11/2020	NIHR_Global_Health_Research_Unit_on_Genomic_Surveillance_of_Antimicrobial_Resistance	SC_RUN_32979_1	NA	NA	NA	NA	NA	NA	NA	NA	NA	NA	NA	NA	NA	NA	NA
G18000361	SAMEA6375406	ERS4141500	ERX4665451	ERR4795681	573	Klebsiella pneumoniae	420	RANDOM	04/11/2020	NIHR_Global_Health_Research_Unit_on_Genomic_Surveillance_of_Antimicrobial_Resistance	SC_RUN_32979_1	NA	NA	NA	NA	NA	NA	NA	NA	NA	NA	NA	NA	NA	NA	NA
G18000765	SAMEA6375521	ERS4141614	ERX4665454	ERR4795684	573	Klebsiella pneumoniae	495	RANDOM	04/11/2020	NIHR_Global_Health_Research_Unit_on_Genomic_Surveillance_of_Antimicrobial_Resistance	SC_RUN_32979_1	NA	NA	NA	NA	NA	NA	NA	NA	NA	NA	NA	NA	NA	NA	NA
G18000372	SAMEA6375411	ERS4141505	ERX4665455	ERR4795685	573	Klebsiella pneumoniae	431	RANDOM	04/11/2020	NIHR_Global_Health_Research_Unit_on_Genomic_Surveillance_of_Antimicrobial_Resistance	SC_RUN_32979_1	NA	NA	NA	NA	NA	NA	NA	NA	NA	NA	NA	NA	NA	NA	NA
G18000767	SAMEA6375522	ERS4141615	ERX4665456	ERR4795686	573	Klebsiella pneumoniae	507	RANDOM	04/11/2020	NIHR_Global_Health_Research_Unit_on_Genomic_Surveillance_of_Antimicrobial_Resistance	SC_RUN_32979_1	NA	NA	NA	NA	NA	NA	NA	NA	NA	NA	NA	NA	NA	NA	NA
G18000771	SAMEA6375523	ERS4141616	ERX4665457	ERR4795687	573	Klebsiella pneumoniae	516	RANDOM	04/11/2020	NIHR_Global_Health_Research_Unit_on_Genomic_Surveillance_of_Antimicrobial_Resistance	SC_RUN_32979_1	NA	NA	NA	NA	NA	NA	NA	NA	NA	NA	NA	NA	NA	NA	NA
G18000773	SAMEA6375527	ERS4141620	ERX4665458	ERR4795688	573	Klebsiella pneumoniae	490	RANDOM	04/11/2020	NIHR_Global_Health_Research_Unit_on_Genomic_Surveillance_of_Antimicrobial_Resistance	SC_RUN_32979_1	NA	NA	NA	NA	NA	NA	NA	NA	NA	NA	NA	NA	NA	NA	NA
G18000374	SAMEA6375413	ERS4141507	ERX4665459	ERR4795689	573	Klebsiella pneumoniae	413	RANDOM	04/11/2020	NIHR_Global_Health_Research_Unit_on_Genomic_Surveillance_of_Antimicrobial_Resistance	SC_RUN_32979_1	NA	NA	NA	NA	NA	NA	NA	NA	NA	NA	NA	NA	NA	NA	NA
G18000776	SAMEA6375524	ERS4141617	ERX4665460	ERR4795690	573	Klebsiella pneumoniae	475	RANDOM	04/11/2020	NIHR_Global_Health_Research_Unit_on_Genomic_Surveillance_of_Antimicrobial_Resistance	SC_RUN_32979_1	NA	NA	NA	NA	NA	NA	NA	NA	NA	NA	NA	NA	NA	NA	NA
G18000375	SAMEA6375414	ERS4141508	ERX4665461	ERR4795691	573	Klebsiella pneumoniae	382	RANDOM	04/11/2020	NIHR_Global_Health_Research_Unit_on_Genomic_Surveillance_of_Antimicrobial_Resistance	SC_RUN_32979_1	NA	NA	NA	NA	NA	NA	NA	NA	NA	NA	NA	NA	NA	NA	NA
G18000792	SAMEA6375528	ERS4141621	ERX4665462	ERR4795692	573	Klebsiella pneumoniae	476	RANDOM	04/11/2020	NIHR_Global_Health_Research_Unit_on_Genomic_Surveillance_of_Antimicrobial_Resistance	SC_RUN_32979_1	NA	NA	NA	NA	NA	NA	NA	NA	NA	NA	NA	NA	NA	NA	NA
G18000376	SAMEA6375415	ERS4141509	ERX4665463	ERR4795693	573	Klebsiella pneumoniae	379	RANDOM	04/11/2020	NIHR_Global_Health_Research_Unit_on_Genomic_Surveillance_of_Antimicrobial_Resistance	SC_RUN_32979_1	NA	NA	NA	NA	NA	NA	NA	NA	NA	NA	NA	NA	NA	NA	NA
G18000382	SAMEA6375416	ERS4141510	ERX4665465	ERR4795695	573	Klebsiella pneumoniae	422	RANDOM	04/11/2020	NIHR_Global_Health_Research_Unit_on_Genomic_Surveillance_of_Antimicrobial_Resistance	SC_RUN_32979_1	NA	NA	NA	NA	NA	NA	NA	NA	NA	NA	NA	NA	NA	NA	NA
G18000389	SAMEA6375422	ERS4141515	ERX4665467	ERR4795697	573	Klebsiella pneumoniae	414	RANDOM	04/11/2020	NIHR_Global_Health_Research_Unit_on_Genomic_Surveillance_of_Antimicrobial_Resistance	SC_RUN_32979_1	NA	NA	NA	NA	NA	NA	NA	NA	NA	NA	NA	NA	NA	NA	NA
G18000801	SAMEA6375531	ERS4141624	ERX4665468	ERR4795698	573	Klebsiella pneumoniae	501	RANDOM	04/11/2020	NIHR_Global_Health_Research_Unit_on_Genomic_Surveillance_of_Antimicrobial_Resistance	SC_RUN_32979_1	NA	NA	NA	NA	NA	NA	NA	NA	NA	NA	NA	NA	NA	NA	NA
G18000807	SAMEA6375532	ERS4141625	ERX4665469	ERR4795699	573	Klebsiella pneumoniae	516	RANDOM	04/11/2020	NIHR_Global_Health_Research_Unit_on_Genomic_Surveillance_of_Antimicrobial_Resistance	SC_RUN_32979_1	NA	NA	NA	NA	NA	NA	NA	NA	NA	NA	NA	NA	NA	NA	NA
G18000395	SAMEA6375419	ERS4141512	ERX4665470	ERR4795700	573	Klebsiella pneumoniae	438	RANDOM	04/11/2020	NIHR_Global_Health_Research_Unit_on_Genomic_Surveillance_of_Antimicrobial_Resistance	SC_RUN_32979_1	NA	NA	NA	NA	NA	NA	NA	NA	NA	NA	NA	NA	NA	NA	NA
G18000809	SAMEA6375533	ERS4141626	ERX4665471	ERR4795701	573	Klebsiella pneumoniae	480	RANDOM	04/11/2020	NIHR_Global_Health_Research_Unit_on_Genomic_Surveillance_of_Antimicrobial_Resistance	SC_RUN_32979_1	NA	NA	NA	NA	NA	NA	NA	NA	NA	NA	NA	NA	NA	NA	NA
G18000397	SAMEA6375420	ERS4141513	ERX4665472	ERR4795702	573	Klebsiella pneumoniae	411	RANDOM	04/11/2020	NIHR_Global_Health_Research_Unit_on_Genomic_Surveillance_of_Antimicrobial_Resistance	SC_RUN_32979_1	NA	NA	NA	NA	NA	NA	NA	NA	NA	NA	NA	NA	NA	NA	NA
G18000810	SAMEA6375535	ERS4141628	ERX4665473	ERR4795703	573	Klebsiella pneumoniae	490	RANDOM	04/11/2020	NIHR_Global_Health_Research_Unit_on_Genomic_Surveillance_of_Antimicrobial_Resistance	SC_RUN_32979_1	NA	NA	NA	NA	NA	NA	NA	NA	NA	NA	NA	NA	NA	NA	NA
G18000399	SAMEA6375421	ERS4141514	ERX4665474	ERR4795704	573	Klebsiella pneumoniae	417	RANDOM	04/11/2020	NIHR_Global_Health_Research_Unit_on_Genomic_Surveillance_of_Antimicrobial_Resistance	SC_RUN_32979_1	NA	NA	NA	NA	NA	NA	NA	NA	NA	NA	NA	NA	NA	NA	NA
G18000821	SAMEA6375534	ERS4141627	ERX4665475	ERR4795705	573	Klebsiella pneumoniae	501	RANDOM	04/11/2020	NIHR_Global_Health_Research_Unit_on_Genomic_Surveillance_of_Antimicrobial_Resistance	SC_RUN_32979_1	NA	NA	NA	NA	NA	NA	NA	NA	NA	NA	NA	NA	NA	NA	NA
G18000410	SAMEA6375424	ERS4141517	ERX4665476	ERR4795706	573	Klebsiella pneumoniae	416	RANDOM	04/11/2020	NIHR_Global_Health_Research_Unit_on_Genomic_Surveillance_of_Antimicrobial_Resistance	SC_RUN_32979_1	NA	NA	NA	NA	NA	NA	NA	NA	NA	NA	NA	NA	NA	NA	NA
G18000412	SAMEA6375425	ERS4141518	ERX4665478	ERR4795708	573	Klebsiella pneumoniae	436	RANDOM	04/11/2020	NIHR_Global_Health_Research_Unit_on_Genomic_Surveillance_of_Antimicrobial_Resistance	SC_RUN_32979_1	NA	NA	NA	NA	NA	NA	NA	NA	NA	NA	NA	NA	NA	NA	NA
G18000832	SAMEA6375536	ERS4141629	ERX4665479	ERR4795709	573	Klebsiella pneumoniae	450	RANDOM	04/11/2020	NIHR_Global_Health_Research_Unit_on_Genomic_Surveillance_of_Antimicrobial_Resistance	SC_RUN_32979_1	NA	NA	NA	NA	NA	NA	NA	NA	NA	NA	NA	NA	NA	NA	NA
G18000419	SAMEA6375429	ERS4141522	ERX4665482	ERR4795712	573	Klebsiella pneumoniae	440	RANDOM	04/11/2020	NIHR_Global_Health_Research_Unit_on_Genomic_Surveillance_of_Antimicrobial_Resistance	SC_RUN_32979_1	NA	NA	NA	NA	NA	NA	NA	NA	NA	NA	NA	NA	NA	NA	NA
G18000422	SAMEA6375438	ERS4141531	ERX4665483	ERR4795713	573	Klebsiella pneumoniae	436	RANDOM	04/11/2020	NIHR_Global_Health_Research_Unit_on_Genomic_Surveillance_of_Antimicrobial_Resistance	SC_RUN_32979_1	NA	NA	NA	NA	NA	NA	NA	NA	NA	NA	NA	NA	NA	NA	NA
G18000423	SAMEA6375430	ERS4141523	ERX4665485	ERR4795715	573	Klebsiella pneumoniae	437	RANDOM	04/11/2020	NIHR_Global_Health_Research_Unit_on_Genomic_Surveillance_of_Antimicrobial_Resistance	SC_RUN_32979_1	NA	NA	NA	NA	NA	NA	NA	NA	NA	NA	NA	NA	NA	NA	NA
G18000857	SAMEA6375544	ERS4141637	ERX4665486	ERR4795716	573	Klebsiella pneumoniae	497	RANDOM	04/11/2020	NIHR_Global_Health_Research_Unit_on_Genomic_Surveillance_of_Antimicrobial_Resistance	SC_RUN_32979_1	NA	NA	NA	NA	NA	NA	NA	NA	NA	NA	NA	NA	NA	NA	NA
G18000870	SAMEA6375543	ERS4141636	ERX4665488	ERR4795718	573	Klebsiella pneumoniae	511	RANDOM	04/11/2020	NIHR_Global_Health_Research_Unit_on_Genomic_Surveillance_of_Antimicrobial_Resistance	SC_RUN_32979_1	NA	NA	NA	NA	NA	NA	NA	NA	NA	NA	NA	NA	NA	NA	NA
G18000871	SAMEA6375545	ERS4141638	ERX4665489	ERR4795719	573	Klebsiella pneumoniae	497	RANDOM	04/11/2020	NIHR_Global_Health_Research_Unit_on_Genomic_Surveillance_of_Antimicrobial_Resistance	SC_RUN_32979_1	NA	NA	NA	NA	NA	NA	NA	NA	NA	NA	NA	NA	NA	NA	NA
G18000884	SAMEA6375548	ERS4141641	ERX4665492	ERR4795722	573	Klebsiella pneumoniae	488	RANDOM	04/11/2020	NIHR_Global_Health_Research_Unit_on_Genomic_Surveillance_of_Antimicrobial_Resistance	SC_RUN_32979_1	NA	NA	NA	NA	NA	NA	NA	NA	NA	NA	NA	NA	NA	NA	NA
G18000451	SAMEA6375433	ERS4141526	ERX4665493	ERR4795723	573	Klebsiella pneumoniae	439	RANDOM	04/11/2020	NIHR_Global_Health_Research_Unit_on_Genomic_Surveillance_of_Antimicrobial_Resistance	SC_RUN_32979_1	NA	NA	NA	NA	NA	NA	NA	NA	NA	NA	NA	NA	NA	NA	NA
G18000916	SAMEA6375554	ERS4141647	ERX4665495	ERR4795725	573	Klebsiella pneumoniae	468	RANDOM	04/11/2020	NIHR_Global_Health_Research_Unit_on_Genomic_Surveillance_of_Antimicrobial_Resistance	SC_RUN_32979_1	NA	NA	NA	NA	NA	NA	NA	NA	NA	NA	NA	NA	NA	NA	NA
G18000461	SAMEA6375435	ERS4141528	ERX4665496	ERR4795726	573	Klebsiella pneumoniae	434	RANDOM	04/11/2020	NIHR_Global_Health_Research_Unit_on_Genomic_Surveillance_of_Antimicrobial_Resistance	SC_RUN_32979_1	NA	NA	NA	NA	NA	NA	NA	NA	NA	NA	NA	NA	NA	NA	NA
G18000926	SAMEA6375555	ERS4141648	ERX4665497	ERR4795727	573	Klebsiella pneumoniae	454	RANDOM	04/11/2020	NIHR_Global_Health_Research_Unit_on_Genomic_Surveillance_of_Antimicrobial_Resistance	SC_RUN_32979_1	NA	NA	NA	NA	NA	NA	NA	NA	NA	NA	NA	NA	NA	NA	NA
G18000471	SAMEA6375440	ERS4141533	ERX4665499	ERR4795729	573	Klebsiella pneumoniae	397	RANDOM	04/11/2020	NIHR_Global_Health_Research_Unit_on_Genomic_Surveillance_of_Antimicrobial_Resistance	SC_RUN_32979_1	NA	NA	NA	NA	NA	NA	NA	NA	NA	NA	NA	NA	NA	NA	NA
G18000935	SAMEA6375558	ERS4141651	ERX4665500	ERR4795730	573	Klebsiella pneumoniae	512	RANDOM	04/11/2020	NIHR_Global_Health_Research_Unit_on_Genomic_Surveillance_of_Antimicrobial_Resistance	SC_RUN_32979_1	NA	NA	NA	NA	NA	NA	NA	NA	NA	NA	NA	NA	NA	NA	NA
G18000478	SAMEA6375444	ERS4141537	ERX4665501	ERR4795731	573	Klebsiella pneumoniae	456	RANDOM	04/11/2020	NIHR_Global_Health_Research_Unit_on_Genomic_Surveillance_of_Antimicrobial_Resistance	SC_RUN_32979_1	NA	NA	NA	NA	NA	NA	NA	NA	NA	NA	NA	NA	NA	NA	NA
G18000939	SAMEA6375560	ERS4141653	ERX4665502	ERR4795732	573	Klebsiella pneumoniae	481	RANDOM	04/11/2020	NIHR_Global_Health_Research_Unit_on_Genomic_Surveillance_of_Antimicrobial_Resistance	SC_RUN_32979_1	NA	NA	NA	NA	NA	NA	NA	NA	NA	NA	NA	NA	NA	NA	NA
G18000479	SAMEA6375443	ERS4141536	ERX4665503	ERR4795733	573	Klebsiella pneumoniae	422	RANDOM	04/11/2020	NIHR_Global_Health_Research_Unit_on_Genomic_Surveillance_of_Antimicrobial_Resistance	SC_RUN_32979_1	NA	NA	NA	NA	NA	NA	NA	NA	NA	NA	NA	NA	NA	NA	NA
G18000480	SAMEA6375446	ERS4141539	ERX4665505	ERR4795735	573	Klebsiella pneumoniae	418	RANDOM	04/11/2020	NIHR_Global_Health_Research_Unit_on_Genomic_Surveillance_of_Antimicrobial_Resistance	SC_RUN_32979_1	NA	NA	NA	NA	NA	NA	NA	NA	NA	NA	NA	NA	NA	NA	NA
G18000957	SAMEA6375562	ERS4141655	ERX4665506	ERR4795736	573	Klebsiella pneumoniae	481	RANDOM	04/11/2020	NIHR_Global_Health_Research_Unit_on_Genomic_Surveillance_of_Antimicrobial_Resistance	SC_RUN_32979_1	NA	NA	NA	NA	NA	NA	NA	NA	NA	NA	NA	NA	NA	NA	NA
G18000481	SAMEA6375450	ERS4141543	ERX4665507	ERR4795737	573	Klebsiella pneumoniae	450	RANDOM	04/11/2020	NIHR_Global_Health_Research_Unit_on_Genomic_Surveillance_of_Antimicrobial_Resistance	SC_RUN_32979_1	NA	NA	NA	NA	NA	NA	NA	NA	NA	NA	NA	NA	NA	NA	NA
G18000960	SAMEA6375563	ERS4141656	ERX4665508	ERR4795738	573	Klebsiella pneumoniae	503	RANDOM	04/11/2020	NIHR_Global_Health_Research_Unit_on_Genomic_Surveillance_of_Antimicrobial_Resistance	SC_RUN_32979_1	NA	NA	NA	NA	NA	NA	NA	NA	NA	NA	NA	NA	NA	NA	NA
G18000482	SAMEA6375445	ERS4141538	ERX4665509	ERR4795739	573	Klebsiella pneumoniae	439	RANDOM	04/11/2020	NIHR_Global_Health_Research_Unit_on_Genomic_Surveillance_of_Antimicrobial_Resistance	SC_RUN_32979_1	NA	NA	NA	NA	NA	NA	NA	NA	NA	NA	NA	NA	NA	NA	NA
G18000961	SAMEA6375567	ERS4141660	ERX4665510	ERR4795740	573	Klebsiella pneumoniae	524	RANDOM	04/11/2020	NIHR_Global_Health_Research_Unit_on_Genomic_Surveillance_of_Antimicrobial_Resistance	SC_RUN_32979_1	NA	NA	NA	NA	NA	NA	NA	NA	NA	NA	NA	NA	NA	NA	NA
G18000967	SAMEA6375565	ERS4141658	ERX4665511	ERR4795741	573	Klebsiella pneumoniae	506	RANDOM	04/11/2020	NIHR_Global_Health_Research_Unit_on_Genomic_Surveillance_of_Antimicrobial_Resistance	SC_RUN_32979_1	NA	NA	NA	NA	NA	NA	NA	NA	NA	NA	NA	NA	NA	NA	NA
G18000487	SAMEA6375449	ERS4141542	ERX4665512	ERR4795742	573	Klebsiella pneumoniae	437	RANDOM	04/11/2020	NIHR_Global_Health_Research_Unit_on_Genomic_Surveillance_of_Antimicrobial_Resistance	SC_RUN_32979_1	NA	NA	NA	NA	NA	NA	NA	NA	NA	NA	NA	NA	NA	NA	NA
G18000968	SAMEA6375566	ERS4141659	ERX4665513	ERR4795743	573	Klebsiella pneumoniae	518	RANDOM	04/11/2020	NIHR_Global_Health_Research_Unit_on_Genomic_Surveillance_of_Antimicrobial_Resistance	SC_RUN_32979_1	NA	NA	NA	NA	NA	NA	NA	NA	NA	NA	NA	NA	NA	NA	NA
G18000490	SAMEA6375452	ERS4141545	ERX4665514	ERR4795744	573	Klebsiella pneumoniae	410	RANDOM	04/11/2020	NIHR_Global_Health_Research_Unit_on_Genomic_Surveillance_of_Antimicrobial_Resistance	SC_RUN_32979_1	NA	NA	NA	NA	NA	NA	NA	NA	NA	NA	NA	NA	NA	NA	NA
G18000969	SAMEA6375568	ERS4141661	ERX4665515	ERR4795745	573	Klebsiella pneumoniae	502	RANDOM	04/11/2020	NIHR_Global_Health_Research_Unit_on_Genomic_Surveillance_of_Antimicrobial_Resistance	SC_RUN_32979_1	NA	NA	NA	NA	NA	NA	NA	NA	NA	NA	NA	NA	NA	NA	NA
G18000971	SAMEA6375569	ERS4141662	ERX4665516	ERR4795746	573	Klebsiella pneumoniae	505	RANDOM	04/11/2020	NIHR_Global_Health_Research_Unit_on_Genomic_Surveillance_of_Antimicrobial_Resistance	SC_RUN_32979_1	NA	NA	NA	NA	NA	NA	NA	NA	NA	NA	NA	NA	NA	NA	NA
G18000506	SAMEA6375456	ERS4141549	ERX4665518	ERR4795748	573	Klebsiella pneumoniae	446	RANDOM	04/11/2020	NIHR_Global_Health_Research_Unit_on_Genomic_Surveillance_of_Antimicrobial_Resistance	SC_RUN_32979_1	NA	NA	NA	NA	NA	NA	NA	NA	NA	NA	NA	NA	NA	NA	NA
G18000973	SAMEA6375570	ERS4141663	ERX4665519	ERR4795749	573	Klebsiella pneumoniae	472	RANDOM	04/11/2020	NIHR_Global_Health_Research_Unit_on_Genomic_Surveillance_of_Antimicrobial_Resistance	SC_RUN_32979_1	NA	NA	NA	NA	NA	NA	NA	NA	NA	NA	NA	NA	NA	NA	NA
G18000507	SAMEA6375455	ERS4141548	ERX4665520	ERR4795750	573	Klebsiella pneumoniae	454	RANDOM	04/11/2020	NIHR_Global_Health_Research_Unit_on_Genomic_Surveillance_of_Antimicrobial_Resistance	SC_RUN_32979_1	NA	NA	NA	NA	NA	NA	NA	NA	NA	NA	NA	NA	NA	NA	NA
G18000509	SAMEA6375457	ERS4141550	ERX4665521	ERR4795751	573	Klebsiella pneumoniae	441	RANDOM	04/11/2020	NIHR_Global_Health_Research_Unit_on_Genomic_Surveillance_of_Antimicrobial_Resistance	SC_RUN_32979_1	NA	NA	NA	NA	NA	NA	NA	NA	NA	NA	NA	NA	NA	NA	NA
G18000978	SAMEA6375577	ERS4141670	ERX4665522	ERR4795752	573	Klebsiella pneumoniae	506	RANDOM	04/11/2020	NIHR_Global_Health_Research_Unit_on_Genomic_Surveillance_of_Antimicrobial_Resistance	SC_RUN_32979_1	NA	NA	NA	NA	NA	NA	NA	NA	NA	NA	NA	NA	NA	NA	NA
G18000980	SAMEA6375579	ERS4141672	ERX4665524	ERR4795754	573	Klebsiella pneumoniae	513	RANDOM	04/11/2020	NIHR_Global_Health_Research_Unit_on_Genomic_Surveillance_of_Antimicrobial_Resistance	SC_RUN_32979_1	NA	NA	NA	NA	NA	NA	NA	NA	NA	NA	NA	NA	NA	NA	NA
G18000523	SAMEA6375459	ERS4141552	ERX4665525	ERR4795755	573	Klebsiella pneumoniae	454	RANDOM	04/11/2020	NIHR_Global_Health_Research_Unit_on_Genomic_Surveillance_of_Antimicrobial_Resistance	SC_RUN_32979_1	NA	NA	NA	NA	NA	NA	NA	NA	NA	NA	NA	NA	NA	NA	NA
G18000981	SAMEA6375580	ERS4141673	ERX4665526	ERR4795756	573	Klebsiella pneumoniae	498	RANDOM	04/11/2020	NIHR_Global_Health_Research_Unit_on_Genomic_Surveillance_of_Antimicrobial_Resistance	SC_RUN_32979_1	NA	NA	NA	NA	NA	NA	NA	NA	NA	NA	NA	NA	NA	NA	NA
G18000982	SAMEA6375581	ERS4141674	ERX4665527	ERR4795757	573	Klebsiella pneumoniae	524	RANDOM	04/11/2020	NIHR_Global_Health_Research_Unit_on_Genomic_Surveillance_of_Antimicrobial_Resistance	SC_RUN_32979_1	NA	NA	NA	NA	NA	NA	NA	NA	NA	NA	NA	NA	NA	NA	NA
G18000530	SAMEA6375464	ERS4141557	ERX4665528	ERR4795758	573	Klebsiella pneumoniae	441	RANDOM	04/11/2020	NIHR_Global_Health_Research_Unit_on_Genomic_Surveillance_of_Antimicrobial_Resistance	SC_RUN_32979_1	NA	NA	NA	NA	NA	NA	NA	NA	NA	NA	NA	NA	NA	NA	NA
G18000983	SAMEA6375583	ERS4141676	ERX4665529	ERR4795759	573	Klebsiella pneumoniae	520	RANDOM	04/11/2020	NIHR_Global_Health_Research_Unit_on_Genomic_Surveillance_of_Antimicrobial_Resistance	SC_RUN_32979_1	NA	NA	NA	NA	NA	NA	NA	NA	NA	NA	NA	NA	NA	NA	NA
G18000985	SAMEA6375584	ERS4141677	ERX4665530	ERR4795760	573	Klebsiella pneumoniae	499	RANDOM	04/11/2020	NIHR_Global_Health_Research_Unit_on_Genomic_Surveillance_of_Antimicrobial_Resistance	SC_RUN_32979_1	NA	NA	NA	NA	NA	NA	NA	NA	NA	NA	NA	NA	NA	NA	NA
G18000535	SAMEA6375461	ERS4141554	ERX4665531	ERR4795761	573	Klebsiella pneumoniae	438	RANDOM	04/11/2020	NIHR_Global_Health_Research_Unit_on_Genomic_Surveillance_of_Antimicrobial_Resistance	SC_RUN_32979_1	NA	NA	NA	NA	NA	NA	NA	NA	NA	NA	NA	NA	NA	NA	NA
G18000987	SAMEA6375582	ERS4141675	ERX4665532	ERR4795762	573	Klebsiella pneumoniae	524	RANDOM	04/11/2020	NIHR_Global_Health_Research_Unit_on_Genomic_Surveillance_of_Antimicrobial_Resistance	SC_RUN_32979_1	NA	NA	NA	NA	NA	NA	NA	NA	NA	NA	NA	NA	NA	NA	NA
G18000542	SAMEA6375462	ERS4141555	ERX4665533	ERR4795763	573	Klebsiella pneumoniae	401	RANDOM	04/11/2020	NIHR_Global_Health_Research_Unit_on_Genomic_Surveillance_of_Antimicrobial_Resistance	SC_RUN_32979_1	NA	NA	NA	NA	NA	NA	NA	NA	NA	NA	NA	NA	NA	NA	NA
G18000989	SAMEA6375585	ERS4141678	ERX4665534	ERR4795764	573	Klebsiella pneumoniae	497	RANDOM	04/11/2020	NIHR_Global_Health_Research_Unit_on_Genomic_Surveillance_of_Antimicrobial_Resistance	SC_RUN_32979_1	NA	NA	NA	NA	NA	NA	NA	NA	NA	NA	NA	NA	NA	NA	NA
G18000993	SAMEA6375575	ERS4141668	ERX4665536	ERR4795766	573	Klebsiella pneumoniae	473	RANDOM	04/11/2020	NIHR_Global_Health_Research_Unit_on_Genomic_Surveillance_of_Antimicrobial_Resistance	SC_RUN_32979_1	NA	NA	NA	NA	NA	NA	NA	NA	NA	NA	NA	NA	NA	NA	NA
G18000560	SAMEA6375465	ERS4141558	ERX4665537	ERR4795767	573	Klebsiella pneumoniae	449	RANDOM	04/11/2020	NIHR_Global_Health_Research_Unit_on_Genomic_Surveillance_of_Antimicrobial_Resistance	SC_RUN_32979_1	NA	NA	NA	NA	NA	NA	NA	NA	NA	NA	NA	NA	NA	NA	NA
G18000995	SAMEA6375573	ERS4141666	ERX4665538	ERR4795768	573	Klebsiella pneumoniae	494	RANDOM	04/11/2020	NIHR_Global_Health_Research_Unit_on_Genomic_Surveillance_of_Antimicrobial_Resistance	SC_RUN_32979_1	NA	NA	NA	NA	NA	NA	NA	NA	NA	NA	NA	NA	NA	NA	NA
G18000998	SAMEA6375576	ERS4141669	ERX4665540	ERR4795770	573	Klebsiella pneumoniae	520	RANDOM	04/11/2020	NIHR_Global_Health_Research_Unit_on_Genomic_Surveillance_of_Antimicrobial_Resistance	SC_RUN_32979_1	NA	NA	NA	NA	NA	NA	NA	NA	NA	NA	NA	NA	NA	NA	NA
G18000999	SAMEA6375578	ERS4141671	ERX4665543	ERR4795773	573	Klebsiella pneumoniae	518	RANDOM	04/11/2020	NIHR_Global_Health_Research_Unit_on_Genomic_Surveillance_of_Antimicrobial_Resistance	SC_RUN_32979_1	NA	NA	NA	NA	NA	NA	NA	NA	NA	NA	NA	NA	NA	NA	NA
G18000576	SAMEA6375468	ERS4141561	ERX4665544	ERR4795774	573	Klebsiella pneumoniae	448	RANDOM	04/11/2020	NIHR_Global_Health_Research_Unit_on_Genomic_Surveillance_of_Antimicrobial_Resistance	SC_RUN_32979_1	NA	NA	NA	NA	NA	NA	NA	NA	NA	NA	NA	NA	NA	NA	NA
G18000063	SAMEA6375361	ERS4141455	ERX4665545	ERR4795775	573	Klebsiella pneumoniae	424	RANDOM	04/11/2020	NIHR_Global_Health_Research_Unit_on_Genomic_Surveillance_of_Antimicrobial_Resistance	SC_RUN_32979_1	NA	NA	NA	NA	NA	NA	NA	NA	NA	NA	NA	NA	NA	NA	NA
G18001007	SAMEA6375591	ERS4141684	ERX4665546	ERR4795776	573	Klebsiella pneumoniae	520	RANDOM	04/11/2020	NIHR_Global_Health_Research_Unit_on_Genomic_Surveillance_of_Antimicrobial_Resistance	SC_RUN_32979_1	NA	NA	NA	NA	NA	NA	NA	NA	NA	NA	NA	NA	NA	NA	NA
G18000578	SAMEA6375469	ERS4141562	ERX4665547	ERR4795777	573	Klebsiella pneumoniae	466	RANDOM	04/11/2020	NIHR_Global_Health_Research_Unit_on_Genomic_Surveillance_of_Antimicrobial_Resistance	SC_RUN_32979_1	NA	NA	NA	NA	NA	NA	NA	NA	NA	NA	NA	NA	NA	NA	NA
G18000077	SAMEA6375356	ERS4141450	ERX4665548	ERR4795778	573	Klebsiella pneumoniae	416	RANDOM	04/11/2020	NIHR_Global_Health_Research_Unit_on_Genomic_Surveillance_of_Antimicrobial_Resistance	SC_RUN_32979_1	NA	NA	NA	NA	NA	NA	NA	NA	NA	NA	NA	NA	NA	NA	NA
G18001011	SAMEA6375590	ERS4141683	ERX4665549	ERR4795779	573	Klebsiella pneumoniae	512	RANDOM	04/11/2020	NIHR_Global_Health_Research_Unit_on_Genomic_Surveillance_of_Antimicrobial_Resistance	SC_RUN_32979_1	NA	NA	NA	NA	NA	NA	NA	NA	NA	NA	NA	NA	NA	NA	NA
G18000580	SAMEA6375470	ERS4141563	ERX4665550	ERR4795780	573	Klebsiella pneumoniae	418	RANDOM	04/11/2020	NIHR_Global_Health_Research_Unit_on_Genomic_Surveillance_of_Antimicrobial_Resistance	SC_RUN_32979_1	NA	NA	NA	NA	NA	NA	NA	NA	NA	NA	NA	NA	NA	NA	NA
G18001014	SAMEA6375593	ERS4141686	ERX4665552	ERR4795782	573	Klebsiella pneumoniae	505	RANDOM	04/11/2020	NIHR_Global_Health_Research_Unit_on_Genomic_Surveillance_of_Antimicrobial_Resistance	SC_RUN_32979_1	NA	NA	NA	NA	NA	NA	NA	NA	NA	NA	NA	NA	NA	NA	NA
G18001017	SAMEA6375594	ERS4141687	ERX4665554	ERR4795784	573	Klebsiella pneumoniae	469	RANDOM	04/11/2020	NIHR_Global_Health_Research_Unit_on_Genomic_Surveillance_of_Antimicrobial_Resistance	SC_RUN_32979_1	NA	NA	NA	NA	NA	NA	NA	NA	NA	NA	NA	NA	NA	NA	NA
G18001021	SAMEA6375597	ERS4141690	ERX4665556	ERR4795786	573	Klebsiella pneumoniae	477	RANDOM	04/11/2020	NIHR_Global_Health_Research_Unit_on_Genomic_Surveillance_of_Antimicrobial_Resistance	SC_RUN_32979_1	NA	NA	NA	NA	NA	NA	NA	NA	NA	NA	NA	NA	NA	NA	NA
G18000584	SAMEA6375480	ERS4141573	ERX4665557	ERR4795787	573	Klebsiella pneumoniae	438	RANDOM	04/11/2020	NIHR_Global_Health_Research_Unit_on_Genomic_Surveillance_of_Antimicrobial_Resistance	SC_RUN_32979_1	NA	NA	NA	NA	NA	NA	NA	NA	NA	NA	NA	NA	NA	NA	NA
G18001025	SAMEA6375598	ERS4141691	ERX4665559	ERR4795789	573	Klebsiella pneumoniae	474	RANDOM	04/11/2020	NIHR_Global_Health_Research_Unit_on_Genomic_Surveillance_of_Antimicrobial_Resistance	SC_RUN_32979_1	NA	NA	NA	NA	NA	NA	NA	NA	NA	NA	NA	NA	NA	NA	NA
G18000585	SAMEA6375472	ERS4141565	ERX4665560	ERR4795790	573	Klebsiella pneumoniae	454	RANDOM	04/11/2020	NIHR_Global_Health_Research_Unit_on_Genomic_Surveillance_of_Antimicrobial_Resistance	SC_RUN_32979_1	NA	NA	NA	NA	NA	NA	NA	NA	NA	NA	NA	NA	NA	NA	NA
G18000587	SAMEA6375475	ERS4141568	ERX4665561	ERR4795791	573	Klebsiella pneumoniae	422	RANDOM	04/11/2020	NIHR_Global_Health_Research_Unit_on_Genomic_Surveillance_of_Antimicrobial_Resistance	SC_RUN_32979_1	NA	NA	NA	NA	NA	NA	NA	NA	NA	NA	NA	NA	NA	NA	NA
G18000213	SAMEA6375360	ERS4141454	ERX4665562	ERR4795792	573	Klebsiella pneumoniae	441	RANDOM	04/11/2020	NIHR_Global_Health_Research_Unit_on_Genomic_Surveillance_of_Antimicrobial_Resistance	SC_RUN_32979_1	NA	NA	NA	NA	NA	NA	NA	NA	NA	NA	NA	NA	NA	NA	NA
G18001029	SAMEA6375599	ERS4141692	ERX4665563	ERR4795793	573	Klebsiella pneumoniae	475	RANDOM	04/11/2020	NIHR_Global_Health_Research_Unit_on_Genomic_Surveillance_of_Antimicrobial_Resistance	SC_RUN_32979_1	NA	NA	NA	NA	NA	NA	NA	NA	NA	NA	NA	NA	NA	NA	NA
G18000588	SAMEA6375481	ERS4141574	ERX4665564	ERR4795794	573	Klebsiella pneumoniae	427	RANDOM	04/11/2020	NIHR_Global_Health_Research_Unit_on_Genomic_Surveillance_of_Antimicrobial_Resistance	SC_RUN_32979_1	NA	NA	NA	NA	NA	NA	NA	NA	NA	NA	NA	NA	NA	NA	NA
G18000221	SAMEA6375362	ERS4141456	ERX4665565	ERR4795795	573	Klebsiella pneumoniae	439	RANDOM	04/11/2020	NIHR_Global_Health_Research_Unit_on_Genomic_Surveillance_of_Antimicrobial_Resistance	SC_RUN_32979_1	NA	NA	NA	NA	NA	NA	NA	NA	NA	NA	NA	NA	NA	NA	NA
G18001031	SAMEA6375601	ERS4141694	ERX4665566	ERR4795796	573	Klebsiella pneumoniae	480	RANDOM	04/11/2020	NIHR_Global_Health_Research_Unit_on_Genomic_Surveillance_of_Antimicrobial_Resistance	SC_RUN_32979_1	NA	NA	NA	NA	NA	NA	NA	NA	NA	NA	NA	NA	NA	NA	NA
G18000591	SAMEA6375473	ERS4141566	ERX4665567	ERR4795797	573	Klebsiella pneumoniae	379	RANDOM	04/11/2020	NIHR_Global_Health_Research_Unit_on_Genomic_Surveillance_of_Antimicrobial_Resistance	SC_RUN_32979_1	NA	NA	NA	NA	NA	NA	NA	NA	NA	NA	NA	NA	NA	NA	NA
G18000224	SAMEA6375363	ERS4141457	ERX4665568	ERR4795798	573	Klebsiella pneumoniae	423	RANDOM	04/11/2020	NIHR_Global_Health_Research_Unit_on_Genomic_Surveillance_of_Antimicrobial_Resistance	SC_RUN_32979_1	NA	NA	NA	NA	NA	NA	NA	NA	NA	NA	NA	NA	NA	NA	NA
G18000593	SAMEA6375474	ERS4141567	ERX4665569	ERR4795799	573	Klebsiella pneumoniae	407	RANDOM	04/11/2020	NIHR_Global_Health_Research_Unit_on_Genomic_Surveillance_of_Antimicrobial_Resistance	SC_RUN_32979_1	NA	NA	NA	NA	NA	NA	NA	NA	NA	NA	NA	NA	NA	NA	NA
G18000225	SAMEA6375366	ERS4141460	ERX4665570	ERR4795800	573	Klebsiella pneumoniae	418	RANDOM	04/11/2020	NIHR_Global_Health_Research_Unit_on_Genomic_Surveillance_of_Antimicrobial_Resistance	SC_RUN_32979_1	NA	NA	NA	NA	NA	NA	NA	NA	NA	NA	NA	NA	NA	NA	NA
G18001038	SAMEA6375607	ERS4141700	ERX4665571	ERR4795801	573	Klebsiella pneumoniae	463	RANDOM	04/11/2020	NIHR_Global_Health_Research_Unit_on_Genomic_Surveillance_of_Antimicrobial_Resistance	SC_RUN_32979_1	NA	NA	NA	NA	NA	NA	NA	NA	NA	NA	NA	NA	NA	NA	NA
G18000596	SAMEA6375476	ERS4141569	ERX4665572	ERR4795802	573	Klebsiella pneumoniae	421	RANDOM	04/11/2020	NIHR_Global_Health_Research_Unit_on_Genomic_Surveillance_of_Antimicrobial_Resistance	SC_RUN_32979_1	NA	NA	NA	NA	NA	NA	NA	NA	NA	NA	NA	NA	NA	NA	NA
G18001045	SAMEA6375605	ERS4141698	ERX4665574	ERR4795804	573	Klebsiella pneumoniae	466	RANDOM	04/11/2020	NIHR_Global_Health_Research_Unit_on_Genomic_Surveillance_of_Antimicrobial_Resistance	SC_RUN_32979_1	NA	NA	NA	NA	NA	NA	NA	NA	NA	NA	NA	NA	NA	NA	NA
G18000233	SAMEA6375370	ERS4141464	ERX4665576	ERR4795806	573	Klebsiella pneumoniae	459	RANDOM	04/11/2020	NIHR_Global_Health_Research_Unit_on_Genomic_Surveillance_of_Antimicrobial_Resistance	SC_RUN_32979_1	NA	NA	NA	NA	NA	NA	NA	NA	NA	NA	NA	NA	NA	NA	NA
G18001055	SAMEA6375604	ERS4141697	ERX4665577	ERR4795807	573	Klebsiella pneumoniae	475	RANDOM	04/11/2020	NIHR_Global_Health_Research_Unit_on_Genomic_Surveillance_of_Antimicrobial_Resistance	SC_RUN_32979_1	NA	NA	NA	NA	NA	NA	NA	NA	NA	NA	NA	NA	NA	NA	NA
G18000599	SAMEA6375479	ERS4141572	ERX4665578	ERR4795808	573	Klebsiella pneumoniae	429	RANDOM	04/11/2020	NIHR_Global_Health_Research_Unit_on_Genomic_Surveillance_of_Antimicrobial_Resistance	SC_RUN_32979_1	NA	NA	NA	NA	NA	NA	NA	NA	NA	NA	NA	NA	NA	NA	NA
G18001056	SAMEA6375606	ERS4141699	ERX4665579	ERR4795809	573	Klebsiella pneumoniae	465	RANDOM	04/11/2020	NIHR_Global_Health_Research_Unit_on_Genomic_Surveillance_of_Antimicrobial_Resistance	SC_RUN_32979_1	NA	NA	NA	NA	NA	NA	NA	NA	NA	NA	NA	NA	NA	NA	NA
G18001068	SAMEA6375609	ERS4141702	ERX4665580	ERR4795810	573	Klebsiella pneumoniae	454	RANDOM	04/11/2020	NIHR_Global_Health_Research_Unit_on_Genomic_Surveillance_of_Antimicrobial_Resistance	SC_RUN_32979_1	NA	NA	NA	NA	NA	NA	NA	NA	NA	NA	NA	NA	NA	NA	NA
G18000600	SAMEA6375488	ERS4141581	ERX4665581	ERR4795811	573	Klebsiella pneumoniae	412	RANDOM	04/11/2020	NIHR_Global_Health_Research_Unit_on_Genomic_Surveillance_of_Antimicrobial_Resistance	SC_RUN_32979_1	NA	NA	NA	NA	NA	NA	NA	NA	NA	NA	NA	NA	NA	NA	NA
G18000237	SAMEA6375369	ERS4141463	ERX4665582	ERR4795812	573	Klebsiella pneumoniae	457	RANDOM	04/11/2020	NIHR_Global_Health_Research_Unit_on_Genomic_Surveillance_of_Antimicrobial_Resistance	SC_RUN_32979_1	NA	NA	NA	NA	NA	NA	NA	NA	NA	NA	NA	NA	NA	NA	NA
G18001079	SAMEA6375611	ERS4141704	ERX4665583	ERR4795813	573	Klebsiella pneumoniae	469	RANDOM	04/11/2020	NIHR_Global_Health_Research_Unit_on_Genomic_Surveillance_of_Antimicrobial_Resistance	SC_RUN_32979_1	NA	NA	NA	NA	NA	NA	NA	NA	NA	NA	NA	NA	NA	NA	NA
G18000602	SAMEA6375482	ERS4141575	ERX4665584	ERR4795814	573	Klebsiella pneumoniae	411	RANDOM	04/11/2020	NIHR_Global_Health_Research_Unit_on_Genomic_Surveillance_of_Antimicrobial_Resistance	SC_RUN_32979_1	NA	NA	NA	NA	NA	NA	NA	NA	NA	NA	NA	NA	NA	NA	NA
G18000240	SAMEA6375371	ERS4141465	ERX4665585	ERR4795815	573	Klebsiella pneumoniae	447	RANDOM	04/11/2020	NIHR_Global_Health_Research_Unit_on_Genomic_Surveillance_of_Antimicrobial_Resistance	SC_RUN_32979_1	NA	NA	NA	NA	NA	NA	NA	NA	NA	NA	NA	NA	NA	NA	NA
G18001080	SAMEA6375612	ERS4141705	ERX4665586	ERR4795816	573	Klebsiella pneumoniae	456	RANDOM	04/11/2020	NIHR_Global_Health_Research_Unit_on_Genomic_Surveillance_of_Antimicrobial_Resistance	SC_RUN_32979_1	NA	NA	NA	NA	NA	NA	NA	NA	NA	NA	NA	NA	NA	NA	NA
G18000607	SAMEA6375485	ERS4141578	ERX4665587	ERR4795817	573	Klebsiella pneumoniae	414	RANDOM	04/11/2020	NIHR_Global_Health_Research_Unit_on_Genomic_Surveillance_of_Antimicrobial_Resistance	SC_RUN_32979_1	NA	NA	NA	NA	NA	NA	NA	NA	NA	NA	NA	NA	NA	NA	NA
G18000243	SAMEA6375372	ERS4141466	ERX4665588	ERR4795818	573	Klebsiella pneumoniae	448	RANDOM	04/11/2020	NIHR_Global_Health_Research_Unit_on_Genomic_Surveillance_of_Antimicrobial_Resistance	SC_RUN_32979_1	NA	NA	NA	NA	NA	NA	NA	NA	NA	NA	NA	NA	NA	NA	NA
G18001086	SAMEA6375614	ERS4141707	ERX4665589	ERR4795819	573	Klebsiella pneumoniae	453	RANDOM	04/11/2020	NIHR_Global_Health_Research_Unit_on_Genomic_Surveillance_of_Antimicrobial_Resistance	SC_RUN_32979_1	NA	NA	NA	NA	NA	NA	NA	NA	NA	NA	NA	NA	NA	NA	NA
G18000613	SAMEA6375486	ERS4141579	ERX4665590	ERR4795820	573	Klebsiella pneumoniae	445	RANDOM	04/11/2020	NIHR_Global_Health_Research_Unit_on_Genomic_Surveillance_of_Antimicrobial_Resistance	SC_RUN_32979_1	NA	NA	NA	NA	NA	NA	NA	NA	NA	NA	NA	NA	NA	NA	NA
G18000251	SAMEA6375373	ERS4141467	ERX4665591	ERR4795821	573	Klebsiella pneumoniae	436	RANDOM	04/11/2020	NIHR_Global_Health_Research_Unit_on_Genomic_Surveillance_of_Antimicrobial_Resistance	SC_RUN_32979_1	NA	NA	NA	NA	NA	NA	NA	NA	NA	NA	NA	NA	NA	NA	NA
G18001108	SAMEA6375616	ERS4141709	ERX4665592	ERR4795822	573	Klebsiella pneumoniae	466	RANDOM	04/11/2020	NIHR_Global_Health_Research_Unit_on_Genomic_Surveillance_of_Antimicrobial_Resistance	SC_RUN_32979_1	NA	NA	NA	NA	NA	NA	NA	NA	NA	NA	NA	NA	NA	NA	NA
G18000616	SAMEA6375490	ERS4141583	ERX4665593	ERR4795823	573	Klebsiella pneumoniae	412	RANDOM	04/11/2020	NIHR_Global_Health_Research_Unit_on_Genomic_Surveillance_of_Antimicrobial_Resistance	SC_RUN_32979_1	NA	NA	NA	NA	NA	NA	NA	NA	NA	NA	NA	NA	NA	NA	NA
G18000618	SAMEA6375491	ERS4141584	ERX4665596	ERR4795826	573	Klebsiella pneumoniae	451	RANDOM	04/11/2020	NIHR_Global_Health_Research_Unit_on_Genomic_Surveillance_of_Antimicrobial_Resistance	SC_RUN_32979_1	NA	NA	NA	NA	NA	NA	NA	NA	NA	NA	NA	NA	NA	NA	NA
G18000254	SAMEA6375374	ERS4141468	ERX4665597	ERR4795827	573	Klebsiella pneumoniae	421	RANDOM	04/11/2020	NIHR_Global_Health_Research_Unit_on_Genomic_Surveillance_of_Antimicrobial_Resistance	SC_RUN_32979_1	NA	NA	NA	NA	NA	NA	NA	NA	NA	NA	NA	NA	NA	NA	NA
G18000078	SAMEA6425113	ERS4191324	ERX4665598	ERR4795828	573	Klebsiella pneumoniae	448	RANDOM	04/11/2020	NIHR_Global_Health_Research_Unit_on_Genomic_Surveillance_of_Antimicrobial_Resistance	SC_RUN_33225_5	NA	NA	NA	NA	NA	NA	NA	NA	NA	NA	NA	NA	NA	NA	NA
G18000102	SAMEA6425121	ERS4191332	ERX4665600	ERR4795830	573	Klebsiella pneumoniae	415	RANDOM	04/11/2020	NIHR_Global_Health_Research_Unit_on_Genomic_Surveillance_of_Antimicrobial_Resistance	SC_RUN_33225_5	NA	NA	NA	NA	NA	NA	NA	NA	NA	NA	NA	NA	NA	NA	NA
G18000158	SAMEA6425119	ERS4191330	ERX4665604	ERR4795834	573	Klebsiella pneumoniae	443	RANDOM	04/11/2020	NIHR_Global_Health_Research_Unit_on_Genomic_Surveillance_of_Antimicrobial_Resistance	SC_RUN_33225_5	NA	NA	NA	NA	NA	NA	NA	NA	NA	NA	NA	NA	NA	NA	NA
G18000182	SAMEA6425120	ERS4191331	ERX4665606	ERR4795836	573	Klebsiella pneumoniae	454	RANDOM	04/11/2020	NIHR_Global_Health_Research_Unit_on_Genomic_Surveillance_of_Antimicrobial_Resistance	SC_RUN_33225_5	NA	NA	NA	NA	NA	NA	NA	NA	NA	NA	NA	NA	NA	NA	NA
G18000218	SAMEA6425122	ERS4191333	ERX4665608	ERR4795838	573	Klebsiella pneumoniae	447	RANDOM	04/11/2020	NIHR_Global_Health_Research_Unit_on_Genomic_Surveillance_of_Antimicrobial_Resistance	SC_RUN_33225_5	NA	NA	NA	NA	NA	NA	NA	NA	NA	NA	NA	NA	NA	NA	NA
G18000434	SAMEA6425127	ERS4191338	ERX4665611	ERR4795841	573	Klebsiella pneumoniae	428	RANDOM	04/11/2020	NIHR_Global_Health_Research_Unit_on_Genomic_Surveillance_of_Antimicrobial_Resistance	SC_RUN_33225_5	NA	NA	NA	NA	NA	NA	NA	NA	NA	NA	NA	NA	NA	NA	NA
G18000539	SAMEA6425132	ERS4191343	ERX4665612	ERR4795842	573	Klebsiella pneumoniae	446	RANDOM	04/11/2020	NIHR_Global_Health_Research_Unit_on_Genomic_Surveillance_of_Antimicrobial_Resistance	SC_RUN_33225_5	NA	NA	NA	NA	NA	NA	NA	NA	NA	NA	NA	NA	NA	NA	NA
G18000555	SAMEA6425131	ERS4191342	ERX4665613	ERR4795843	573	Klebsiella pneumoniae	436	RANDOM	04/11/2020	NIHR_Global_Health_Research_Unit_on_Genomic_Surveillance_of_Antimicrobial_Resistance	SC_RUN_33225_5	NA	NA	NA	NA	NA	NA	NA	NA	NA	NA	NA	NA	NA	NA	NA
G18000797	SAMEA6425137	ERS4191348	ERX4665617	ERR4795847	573	Klebsiella pneumoniae	464	RANDOM	04/11/2020	NIHR_Global_Health_Research_Unit_on_Genomic_Surveillance_of_Antimicrobial_Resistance	SC_RUN_33225_5	NA	NA	NA	NA	NA	NA	NA	NA	NA	NA	NA	NA	NA	NA	NA
G18000874	SAMEA6425136	ERS4191347	ERX4665619	ERR4795849	573	Klebsiella pneumoniae	428	RANDOM	04/11/2020	NIHR_Global_Health_Research_Unit_on_Genomic_Surveillance_of_Antimicrobial_Resistance	SC_RUN_33225_5	NA	NA	NA	NA	NA	NA	NA	NA	NA	NA	NA	NA	NA	NA	NA
G18000881	SAMEA6425139	ERS4191350	ERX4665620	ERR4795850	573	Klebsiella pneumoniae	423	RANDOM	04/11/2020	NIHR_Global_Health_Research_Unit_on_Genomic_Surveillance_of_Antimicrobial_Resistance	SC_RUN_33225_5	NA	NA	NA	NA	NA	NA	NA	NA	NA	NA	NA	NA	NA	NA	NA
G18000885	SAMEA6425140	ERS4191351	ERX4665621	ERR4795851	573	Klebsiella pneumoniae	447	RANDOM	04/11/2020	NIHR_Global_Health_Research_Unit_on_Genomic_Surveillance_of_Antimicrobial_Resistance	SC_RUN_33225_5	NA	NA	NA	NA	NA	NA	NA	NA	NA	NA	NA	NA	NA	NA	NA
G18000936	SAMEA6425141	ERS4191352	ERX4665622	ERR4795852	573	Klebsiella pneumoniae	438	RANDOM	04/11/2020	NIHR_Global_Health_Research_Unit_on_Genomic_Surveillance_of_Antimicrobial_Resistance	SC_RUN_33225_5	NA	NA	NA	NA	NA	NA	NA	NA	NA	NA	NA	NA	NA	NA	NA
G18000988	SAMEA6425144	ERS4191355	ERX4665624	ERR4795854	573	Klebsiella pneumoniae	433	RANDOM	04/11/2020	NIHR_Global_Health_Research_Unit_on_Genomic_Surveillance_of_Antimicrobial_Resistance	SC_RUN_33225_5	NA	NA	NA	NA	NA	NA	NA	NA	NA	NA	NA	NA	NA	NA	NA
G18001010	SAMEA6425146	ERS4191357	ERX4665626	ERR4795856	573	Klebsiella pneumoniae	412	RANDOM	04/11/2020	NIHR_Global_Health_Research_Unit_on_Genomic_Surveillance_of_Antimicrobial_Resistance	SC_RUN_33225_5	NA	NA	NA	NA	NA	NA	NA	NA	NA	NA	NA	NA	NA	NA	NA
G18001016	SAMEA6425147	ERS4191358	ERX4665627	ERR4795857	573	Klebsiella pneumoniae	400	RANDOM	04/11/2020	NIHR_Global_Health_Research_Unit_on_Genomic_Surveillance_of_Antimicrobial_Resistance	SC_RUN_33225_5	NA	NA	NA	NA	NA	NA	NA	NA	NA	NA	NA	NA	NA	NA	NA
G18001026	SAMEA6425178	ERS4191389	ERX4665628	ERR4795858	573	Klebsiella pneumoniae	409	RANDOM	04/11/2020	NIHR_Global_Health_Research_Unit_on_Genomic_Surveillance_of_Antimicrobial_Resistance	SC_RUN_33225_5	NA	NA	NA	NA	NA	NA	NA	NA	NA	NA	NA	NA	NA	NA	NA
G18001044	SAMEA6425179	ERS4191390	ERX4665629	ERR4795859	573	Klebsiella pneumoniae	454	RANDOM	04/11/2020	NIHR_Global_Health_Research_Unit_on_Genomic_Surveillance_of_Antimicrobial_Resistance	SC_RUN_33225_5	NA	NA	NA	NA	NA	NA	NA	NA	NA	NA	NA	NA	NA	NA	NA
G18001059	SAMEA6425180	ERS4191391	ERX4665630	ERR4795860	573	Klebsiella pneumoniae	446	RANDOM	04/11/2020	NIHR_Global_Health_Research_Unit_on_Genomic_Surveillance_of_Antimicrobial_Resistance	SC_RUN_33225_5	NA	NA	NA	NA	NA	NA	NA	NA	NA	NA	NA	NA	NA	NA	NA
G18001084	SAMEA6425186	ERS4191397	ERX4665631	ERR4795861	573	Klebsiella pneumoniae	393	RANDOM	04/11/2020	NIHR_Global_Health_Research_Unit_on_Genomic_Surveillance_of_Antimicrobial_Resistance	SC_RUN_33225_5	NA	NA	NA	NA	NA	NA	NA	NA	NA	NA	NA	NA	NA	NA	NA
G18001099	SAMEA6425182	ERS4191393	ERX4665632	ERR4795862	573	Klebsiella pneumoniae	430	RANDOM	04/11/2020	NIHR_Global_Health_Research_Unit_on_Genomic_Surveillance_of_Antimicrobial_Resistance	SC_RUN_33225_5	NA	NA	NA	NA	NA	NA	NA	NA	NA	NA	NA	NA	NA	NA	NA
G18001147	SAMEA6425184	ERS4191395	ERX4665634	ERR4795864	573	Klebsiella pneumoniae	445	RANDOM	04/11/2020	NIHR_Global_Health_Research_Unit_on_Genomic_Surveillance_of_Antimicrobial_Resistance	SC_RUN_33225_5	NA	NA	NA	NA	NA	NA	NA	NA	NA	NA	NA	NA	NA	NA	NA
G18000529	SAMEA6425130	ERS4191341	ERX4665635	ERR4795865	573	Klebsiella pneumoniae	381	RANDOM	04/11/2020	NIHR_Global_Health_Research_Unit_on_Genomic_Surveillance_of_Antimicrobial_Resistance	SC_RUN_33225_5	NA	NA	NA	NA	NA	NA	NA	NA	NA	NA	NA	NA	NA	NA	NA
G18001081	SAMEA6425181	ERS4191392	ERX4665636	ERR4795866	573	Klebsiella pneumoniae	398	RANDOM	04/11/2020	NIHR_Global_Health_Research_Unit_on_Genomic_Surveillance_of_Antimicrobial_Resistance	SC_RUN_33225_5	NA	NA	NA	NA	NA	NA	NA	NA	NA	NA	NA	NA	NA	NA	NA
G18000021	SAMEA6425507	ERS4191718	ERX4665638	ERR4795868	573	Klebsiella pneumoniae	452	RANDOM	04/11/2020	NIHR_Global_Health_Research_Unit_on_Genomic_Surveillance_of_Antimicrobial_Resistance	SC_RUN_33226_4	NA	NA	NA	NA	NA	NA	NA	NA	NA	NA	NA	NA	NA	NA	NA
G18000027	SAMEA6425508	ERS4191719	ERX4665639	ERR4795869	573	Klebsiella pneumoniae	432	RANDOM	04/11/2020	NIHR_Global_Health_Research_Unit_on_Genomic_Surveillance_of_Antimicrobial_Resistance	SC_RUN_33226_4	NA	NA	NA	NA	NA	NA	NA	NA	NA	NA	NA	NA	NA	NA	NA
G18000059	SAMEA6425510	ERS4191721	ERX4665640	ERR4795870	573	Klebsiella pneumoniae	409	RANDOM	04/11/2020	NIHR_Global_Health_Research_Unit_on_Genomic_Surveillance_of_Antimicrobial_Resistance	SC_RUN_33226_4	NA	NA	NA	NA	NA	NA	NA	NA	NA	NA	NA	NA	NA	NA	NA
G18000141	SAMEA6425512	ERS4191723	ERX4665641	ERR4795871	573	Klebsiella pneumoniae	427	RANDOM	04/11/2020	NIHR_Global_Health_Research_Unit_on_Genomic_Surveillance_of_Antimicrobial_Resistance	SC_RUN_33226_4	NA	NA	NA	NA	NA	NA	NA	NA	NA	NA	NA	NA	NA	NA	NA
G18000837	SAMEA6425514	ERS4191725	ERX4665644	ERR4795874	573	Klebsiella pneumoniae	428	RANDOM	04/11/2020	NIHR_Global_Health_Research_Unit_on_Genomic_Surveillance_of_Antimicrobial_Resistance	SC_RUN_33226_4	NA	NA	NA	NA	NA	NA	NA	NA	NA	NA	NA	NA	NA	NA	NA
G18000859	SAMEA6425515	ERS4191726	ERX4665645	ERR4795875	573	Klebsiella pneumoniae	443	RANDOM	04/11/2020	NIHR_Global_Health_Research_Unit_on_Genomic_Surveillance_of_Antimicrobial_Resistance	SC_RUN_33226_4	NA	NA	NA	NA	NA	NA	NA	NA	NA	NA	NA	NA	NA	NA	NA
G18000860	SAMEA6425517	ERS4191728	ERX4665646	ERR4795876	573	Klebsiella pneumoniae	442	RANDOM	04/11/2020	NIHR_Global_Health_Research_Unit_on_Genomic_Surveillance_of_Antimicrobial_Resistance	SC_RUN_33226_4	NA	NA	NA	NA	NA	NA	NA	NA	NA	NA	NA	NA	NA	NA	NA